-- SQL Dump of wettkampfdaten.mdb
-- generated by MDB Viewer 2.2.7
-- optimized for PostgreSQL

SET NAMES 'UTF8';



DROP TABLE IF EXISTS "a_schgegauswahl";

CREATE TABLE "a_schgegauswahl" (
    "shvnr" TEXT
);

INSERT INTO "a_schgegauswahl"("shvnr")
VALUES(E'36NS003038');



DROP TABLE IF EXISTS "a_schheimauswahl";

CREATE TABLE "a_schheimauswahl" (
    "shvnr" TEXT
);

INSERT INTO "a_schheimauswahl"("shvnr")
VALUES(E'36RH008112');



DROP TABLE IF EXISTS "a_schzaehlerauswahl";

CREATE TABLE "a_schzaehlerauswahl" (
    "schzaehler" INTEGER
);

INSERT INTO "a_schzaehlerauswahl"("schzaehler")
VALUES(25333);



DROP TABLE IF EXISTS "a_tabelleauswahl";

CREATE TABLE "a_tabelleauswahl" (
    "Waffe" DOUBLE PRECISION,
    "Region" DOUBLE PRECISION,
    "Durchgang" DOUBLE PRECISION,
    "VNR" TEXT
);

INSERT INTO "a_tabelleauswahl"("Waffe","Region","Durchgang","VNR")
VALUES(3,2,7,E'32WT515211');



DROP TABLE IF EXISTS "a_wkplkurzauswahl";

CREATE TABLE "a_wkplkurzauswahl" (
    "wkplindex" INTEGER
);

INSERT INTO "a_wkplkurzauswahl"("wkplindex")
VALUES(2447);



DROP TABLE IF EXISTS "Ergebnisanzeigetabelle";

CREATE TABLE "Ergebnisanzeigetabelle" (
    "zaehler" INTEGER,
    "Durchgang" TEXT,
    "Scheibe" TEXT,
    "Ringe" INTEGER
);

INSERT INTO "Ergebnisanzeigetabelle"("zaehler","Durchgang","Scheibe","Ringe")
VALUES(24598,E'2',E'5',72),
      (24419,E'2',E'5',64),
      (24218,E'2',E'5',71),
      (24505,E'2',E'8',65),
      (24504,E'2',E'8',66),
      (24223,E'2',E'8',67),
      (24397,E'2',E'6',68),
      (24592,E'2',E'6',69),
      (24591,E'2',E'6',70),
      (24554,E'2',E'2',72),
      (24552,E'2',E'2',64),
      (24555,E'2',E'2',71),
      (24414,E'2',E'1',65),
      (24559,E'2',E'1',66),
      (24413,E'2',E'1',66),
      (24400,E'2',E'7',67),
      (24399,E'2',E'7',68),
      (24558,E'2',E'7',69),
      (24482,E'2',E'4',70),
      (24481,E'2',E'4',72),
      (24480,E'2',E'4',66);



DROP TABLE IF EXISTS "exportschuetzenliste";

CREATE TABLE "exportschuetzenliste" (
    "ischnummer" INTEGER,
    "iSchregion" DOUBLE PRECISION,
    "iSchVNR" TEXT,
    "iSchname" TEXT,
    "iSchGebDat" TIMESTAMP,
    "ischaktiviert" TEXT,
    "ischmitgliedschaft" TIMESTAMP,
    "imitgliedsnummer" TEXT,
    "iw1m1" INTEGER,
    "iw1m2" INTEGER,
    "iw1m3" INTEGER,
    "iw1m4" INTEGER,
    "iw1m5" INTEGER,
    "iw1m6" INTEGER,
    "iw1m7" INTEGER,
    "iw2m1" INTEGER,
    "iw2m2" INTEGER,
    "iw2m3" INTEGER,
    "iw2m4" INTEGER,
    "iw2m5" INTEGER,
    "iw2m6" INTEGER,
    "iw2m7" INTEGER,
    "iw3m1" INTEGER,
    "iw3m2" INTEGER,
    "iw3m3" INTEGER,
    "iw3m4" INTEGER,
    "iw3m5" INTEGER,
    "iw3m6" INTEGER,
    "iw3m7" INTEGER,
    "iw4m1" INTEGER,
    "iw4m2" INTEGER,
    "iw4m3" INTEGER,
    "iw4m4" INTEGER,
    "iw4m5" INTEGER,
    "iw4m6" INTEGER,
    "iw4m7" INTEGER,
    "ineu" TEXT,
    "iNationalität" TEXT,
    "iStaatsangehörigkeit" TEXT
);




DROP TABLE IF EXISTS "exporttabelle";

CREATE TABLE "exporttabelle" (
    "iWaffe" DOUBLE PRECISION,
    "iRegion" DOUBLE PRECISION,
    "iWettkampf" DOUBLE PRECISION,
    "iDurchgang" DOUBLE PRECISION,
    "iVNR" TEXT,
    "iVerein" TEXT,
    "iRinge" DOUBLE PRECISION,
    "iPluspunkte" DOUBLE PRECISION,
    "iMinuspunkte" DOUBLE PRECISION,
    "iVorteil" INTEGER
);




DROP TABLE IF EXISTS "Exportwettkampfplan";

CREATE TABLE "Exportwettkampfplan" (
    "iWKPLzähler" INTEGER PRIMARY KEY,
    "iWaffe" INTEGER,
    "iklasse" INTEGER,
    "iWettkampf" INTEGER,
    "iWettkampfart" INTEGER,
    "iheim" INTEGER,
    "iPlHVNR" TEXT,
    "iHeimergebnis" DOUBLE PRECISION,
    "iHeimpluspunkte" DOUBLE PRECISION,
    "iHeimminuspunkte" DOUBLE PRECISION,
    "iPlHVerein" TEXT,
    "iHeimvorteil" DOUBLE PRECISION,
    "iPLUhrzeit" TEXT,
    "iPlwettkampfkTag" TIMESTAMP,
    "igegner" INTEGER,
    "igegnerVNR" TEXT,
    "igegnerVerein" TEXT,
    "iGegnerergebnis" DOUBLE PRECISION,
    "iGegnerpluspunkte" DOUBLE PRECISION,
    "iGegnerminuspunkte" DOUBLE PRECISION,
    "iGegnervorteil" DOUBLE PRECISION
);




DROP TABLE IF EXISTS "Liga";

CREATE TABLE "Liga" (
    "ligaziffer" INTEGER
);

INSERT INTO "Liga"("ligaziffer")
VALUES(2);



DROP TABLE IF EXISTS "Ligen";

CREATE TABLE "Ligen" (
    "Wregion" INTEGER,
    "Liga" TEXT
);

INSERT INTO "Ligen"("Wregion","Liga")
VALUES(1,E'Württembergliga Recurve'),
      (2,E'Landesliga Nord Recurve'),
      (3,E'Landesliga Süd Recurve'),
      (4,E'Württembergliga Comp.'),
      (5,E'Landesliga A Compound'),
      (6,E'Landesliga B Compound');



DROP TABLE IF EXISTS "lizenzneutabelle";

CREATE TABLE "lizenzneutabelle" (
    "lizschname" TEXT,
    "lizschvorname" TEXT,
    "lizenzverein" TEXT,
    "lizenzgeburt" TEXT,
    "lizlandesverband" TEXT,
    "lizenzmitglied" TEXT,
    "lizenzvnr" TEXT,
    "lizschlfdnr" TEXT,
    "lizschwkpnr" TEXT
);

INSERT INTO "lizenzneutabelle"("lizschname","lizschvorname","lizenzverein","lizenzgeburt","lizlandesverband","lizenzmitglied","lizenzvnr","lizschlfdnr","lizschwkpnr")
VALUES(E'Belle ',E'Stefan ',E'SSV Otterstadt',E'01.01.2000',E'PF',E'00.00.0000',E'39PF002206',E'4',E'');



DROP TABLE IF EXISTS "platztabelle";

CREATE TABLE "platztabelle" (
    "platz" INTEGER,
    "ligaziffer" INTEGER
);

INSERT INTO "platztabelle"("platz","ligaziffer")
VALUES(1,1),
      (1,2),
      (1,3),
      (1,4),
      (1,5),
      (1,6),
      (1,7),
      (1,8),
      (1,9);



DROP TABLE IF EXISTS "Schützentabelle";

CREATE TABLE "Schützentabelle" (
    "Schzähler" INTEGER PRIMARY KEY,
    "schnummer" INTEGER,
    "Schwaffe" DOUBLE PRECISION,
    "Schregion" DOUBLE PRECISION,
    "SchVNR" TEXT,
    "Nationalität" TEXT,
    "Staatsangehörigkeit" TEXT,
    "Schname" TEXT,
    "SchGebDat" TEXT,
    "Status" TEXT,
    "aktiviert" TEXT,
    "mitgliedschaft" TEXT,
    "mitgliedsnummer" TEXT,
    "Lizenzdruck" TEXT,
    "rückennummerdruck" TEXT,
    "w1m1" INTEGER,
    "w1m2" INTEGER,
    "w1m3" INTEGER,
    "w1m4" INTEGER,
    "w1m5" INTEGER,
    "w1m6" INTEGER,
    "w1m7" INTEGER,
    "w2m1" INTEGER,
    "w2m2" INTEGER,
    "w2m3" INTEGER,
    "w2m4" INTEGER,
    "w2m5" INTEGER,
    "w2m6" INTEGER,
    "w2m7" INTEGER,
    "w3m1" INTEGER,
    "w3m2" INTEGER,
    "w3m3" INTEGER,
    "w3m4" INTEGER,
    "w3m5" INTEGER,
    "w3m6" INTEGER,
    "w3m7" INTEGER,
    "w4m1" INTEGER,
    "w4m2" INTEGER,
    "w4m3" INTEGER,
    "w4m4" INTEGER,
    "w4m5" INTEGER,
    "w4m6" INTEGER,
    "w4m7" INTEGER,
    "neu" TEXT,
    "pfeil1" INTEGER,
    "pfeil2" INTEGER,
    "pfeil3" INTEGER,
    "pfeil4" INTEGER,
    "pfeil5" INTEGER,
    "pfeil6" INTEGER,
    "pfeil7" INTEGER,
    "pfeil8" INTEGER
);

INSERT INTO "Schützentabelle"("Schzähler","schnummer","Schwaffe","Schregion","SchVNR","Nationalität","Staatsangehörigkeit","Schname","SchGebDat","Status","aktiviert","mitgliedschaft","mitgliedsnummer","Lizenzdruck","rückennummerdruck","w1m1","w1m2","w1m3","w1m4","w1m5","w1m6","w1m7","w2m1","w2m2","w2m3","w2m4","w2m5","w2m6","w2m7","w3m1","w3m2","w3m3","w3m4","w3m5","w3m6","w3m7","w4m1","w4m2","w4m3","w4m4","w4m5","w4m6","w4m7","neu","pfeil1","pfeil2","pfeil3","pfeil4","pfeil5","pfeil6","pfeil7","pfeil8")
VALUES(712,2,3,1,E'31WT111324',E' ',E'10002',E'Kirschke, Cord',E'27.03.1967',E' ',E'1',E'01.04.2007',E'68805428',NULL,NULL,0,0,0,55,70,0,88,0,96,81,0,92,72,55,0,0,0,0,0,0,0,0,0,0,0,0,0,0,NULL,0,0,0,0,0,0,0,0),
      (713,3,3,1,E'31WT111324',E' ',E'10004',E'Schäffer, Dennis',E'12.09.1997',E' ',E'1',E'15.09.2014',E'99479480',NULL,NULL,71,87,91,54,61,0,83,87,82,0,53,0,0,54,0,0,0,0,0,0,0,0,0,0,0,0,0,0,NULL,0,0,0,0,0,0,0,0),
      (711,1,3,1,E'31WT111324',E' ',E'10003',E'Uhlmann, Jürgen',E'17.12.1967',E' ',E'1',E'01.01.2008',E'69309425',NULL,NULL,72,95,91,56,0,71,0,86,0,89,57,93,71,0,0,0,0,0,0,0,0,0,0,0,0,0,0,0,NULL,0,0,0,0,0,0,0,0),
      (714,4,3,1,E'31WT111324',E' ',E'10005',E'Schäffer, Gabi',E'13.01.1965',E' ',E'1',E'15.09.2014',E'66950470',NULL,NULL,0,0,0,0,0,71,0,0,0,81,50,0,0,0,0,0,0,0,0,0,0,0,0,0,0,0,0,0,NULL,0,0,0,0,0,0,0,0),
      (715,5,3,1,E'31WT111324',E' ',E'10006',E'Zwirner, Vivien',E'16.02.2001',E' ',E'1',E'15.09.2014',E'13023968',NULL,NULL,63,88,85,0,72,65,92,88,92,0,0,92,73,53,0,0,0,0,0,0,0,0,0,0,0,0,0,0,NULL,0,0,0,0,0,0,0,0),
      (707,2,3,1,E'31WT313203',E' ',E'10023',E'Knorr, Peter',E'24.06.1993',E' ',E'1',E'01.01.2006',E'94488228',NULL,NULL,71,78,52,69,83,0,0,0,81,59,87,48,61,69,0,0,0,0,0,0,0,0,0,0,0,0,0,0,NULL,0,0,0,0,0,0,0,0),
      (708,3,3,1,E'31WT313203',E' ',E'10024',E'Rümmelin, Philipp',E'28.05.1993',E' ',E'1',E'01.09.2010',E'95684224',NULL,NULL,70,86,44,0,0,79,86,73,0,0,0,51,57,0,0,0,0,0,0,0,0,0,0,0,0,0,0,0,NULL,0,0,0,0,0,0,0,0),
      (706,1,3,1,E'31WT313203',E' ',E'10022',E'Fronmüller, Oliver',E'15.10.1993',E' ',E'1',E'01.08.2005',E'95979184',NULL,NULL,0,0,0,0,0,0,0,0,0,0,0,0,0,0,0,0,0,0,0,0,0,0,0,0,0,0,0,0,NULL,0,0,0,0,0,0,0,0),
      (710,5,3,1,E'31WT313203',E' ',E'10021',E'Wittner, Robert',E'19.06.1957',E' ',E'1',E'01.09.1985',E'59066191',NULL,NULL,0,0,0,71,92,91,87,93,92,75,91,50,69,89,0,0,0,0,0,0,0,0,0,0,0,0,0,0,NULL,0,0,0,0,0,0,0,0),
      (709,4,3,1,E'31WT313203',E' ',E'10020',E'Wallner, Paul',E'15.02.1955',E' ',E'1',E'01.01.1995',E'56623871',NULL,NULL,75,93,55,71,94,98,89,93,90,73,96,0,0,91,0,0,0,0,0,0,0,0,0,0,0,0,0,0,NULL,0,0,0,0,0,0,0,0),
      (756,2,3,1,E'31WT414202',E' ',E'10030',E'Ihle, Tobias',E'20.04.1993',E' ',E'1',E'01.09.2011',E'94447610',NULL,NULL,0,80,83,0,50,87,58,77,0,81,90,88,67,48,0,0,0,0,0,0,0,0,0,0,0,0,0,0,NULL,0,0,0,0,0,0,0,0),
      (760,6,3,1,E'31WT414202',E' ',E'10029',E'Ulbrich, Max',E'14.10.1999',E' ',E'1',E'01.04.2012',E'10511531',NULL,NULL,0,0,0,0,0,0,0,0,0,0,0,0,0,0,0,0,0,0,0,0,0,0,0,0,0,0,0,0,NULL,0,0,0,0,0,0,0,0),
      (757,3,3,1,E'31WT414202',E' ',E'10027',E'Kärcher, Tobias',E'06.12.2000',E' ',E'1',E'01.06.2011',E'13688329',NULL,NULL,79,0,0,48,0,0,53,0,23,0,0,0,0,0,0,0,0,0,0,0,0,0,0,0,0,0,0,0,NULL,0,0,0,0,0,0,0,0),
      (761,7,3,1,E'31WT414202',E' ',E'10025',E'Dost, Lukas',E'21.06.1993',E' ',E'1',E'01.07.2011',E'94309376',NULL,NULL,91,90,93,0,50,85,0,93,52,91,90,86,0,0,0,0,0,0,0,0,0,0,0,0,0,0,0,0,NULL,0,0,0,0,0,0,0,0),
      (755,1,3,1,E'31WT414202',E' ',E'10026',E'Gras, Gero',E'16.03.1990',E' ',E'1',E'01.07.2011',E'91103724',NULL,NULL,67,0,0,0,50,85,41,90,52,86,84,86,70,0,0,0,0,0,0,0,0,0,0,0,0,0,0,0,NULL,0,0,0,0,0,0,0,0),
      (758,4,3,1,E'31WT414202',E' ',E'10031',E'Schäfer, Achim',E'07.08.1994',E' ',E'1',E'07.05.2014',E'17647609',NULL,NULL,0,0,0,46,0,0,0,0,0,0,0,0,0,44,0,0,0,0,0,0,0,0,0,0,0,0,0,0,NULL,0,0,0,0,0,0,0,0),
      (759,5,3,1,E'31WT414202',E' ',E'10028',E'Fischer, Julia',E'28.06.1994',E' ',E'1',E'07.05.2014',E'72857724',NULL,NULL,0,86,90,49,0,0,0,0,0,0,0,0,68,48,0,0,0,0,0,0,0,0,0,0,0,0,0,0,NULL,0,0,0,0,0,0,0,0),
      (701,1,3,1,E'31WT515107',E' ',E'10037',E'Hackl, Bettina',E'21.04.1986',E' ',E'1',E' ',E'88013494',NULL,NULL,0,0,0,0,0,0,0,70,84,0,0,0,0,0,0,0,0,0,0,0,0,0,0,0,0,0,0,0,NULL,0,0,0,0,0,0,0,0),
      (788,6,3,1,E'31WT515107',E' ',E' ',E'Henschen, Horst',E'21.07.1980',E' ',E'1',E' ',E'82077866',NULL,NULL,70,90,73,54,68,73,43,0,0,67,79,88,53,83,0,0,0,0,0,0,0,0,0,0,0,0,0,0,NULL,0,0,0,0,0,0,0,0),
      (702,2,3,1,E'31WT515107',E' ',E'10038',E'Selinger, Wilhelm',E'12.11.1970',E' ',E'1',E' ',E'72512583',NULL,NULL,67,94,72,55,73,70,57,70,97,73,92,92,54,89,0,0,0,0,0,0,0,0,0,0,0,0,0,0,NULL,0,0,0,0,0,0,0,0),
      (703,3,3,1,E'31WT515107',E' ',E'10039',E'Gradl, Michael',E'22.06.1992',E' ',E'1',E' ',E'78881952',NULL,NULL,70,91,63,0,0,0,40,74,89,63,90,87,56,81,0,0,0,0,0,0,0,0,0,0,0,0,0,0,NULL,0,0,0,0,0,0,0,0),
      (704,4,3,1,E'31WT515107',E' ',E'10040',E'Braun, Lars',E'05.05.1961',E' ',E'1',E' ',E'62296970',NULL,NULL,0,0,0,56,59,67,0,0,0,0,0,0,0,0,0,0,0,0,0,0,0,0,0,0,0,0,0,0,NULL,0,0,0,0,0,0,0,0),
      (705,5,3,1,E'31WT515107',E' ',E'10041',E'Jilg, Michael',E'21.01.1988',E' ',E'1',E' ',E'89581179',NULL,NULL,0,0,0,0,0,0,0,0,0,0,0,0,0,0,0,0,0,0,0,0,0,0,0,0,0,0,0,0,NULL,0,0,0,0,0,0,0,0),
      (750,5,3,1,E'31WT515506',E' ',E'10036',E'Stoll, Martin',E'08.08.1959',E' ',E'1',E' ',E'60688969',NULL,NULL,87,74,50,82,88,0,0,52,87,72,90,0,0,0,0,0,0,0,0,0,0,0,0,0,0,0,0,0,NULL,0,0,0,0,0,0,0,0),
      (746,1,3,1,E'31WT515506',E' ',E'10032',E'Glaser, Alexander',E'02.03.1968',E' ',E'1',E' ',E'70418266',NULL,NULL,92,76,54,0,89,75,55,0,0,0,0,78,73,74,0,0,0,0,0,0,0,0,0,0,0,0,0,0,NULL,0,0,0,0,0,0,0,0),
      (747,2,3,1,E'31WT515506',E' ',E'10033',E'Haag, Axel',E'09.11.1962',E' ',E'1',E' ',E'63172531',NULL,NULL,0,0,0,0,0,0,0,35,0,0,0,0,0,0,0,0,0,0,0,0,0,0,0,0,0,0,0,0,NULL,0,0,0,0,0,0,0,0),
      (749,4,3,1,E'31WT515506',E' ',E'10035',E'Schuldt, Simon',E'27.08.1991',E' ',E'1',E' ',E'63081522',NULL,NULL,82,73,53,88,0,74,54,0,95,76,88,89,71,68,0,0,0,0,0,0,0,0,0,0,0,0,0,0,NULL,0,0,0,0,0,0,0,0),
      (748,3,3,1,E'31WT515506',E' ',E'10034',E'Krüger, Derek',E'16.06.1971',E' ',E'1',E' ',E'72835704',NULL,NULL,0,0,0,94,87,66,49,55,84,73,88,89,70,74,0,0,0,0,0,0,0,0,0,0,0,0,0,0,NULL,0,0,0,0,0,0,0,0),
      (694,1,3,1,E'31WT717205',E' ',E'10019',E'Haller, Thomas',E'15.06.1965',E' ',E'1',E' ',E'66852718',NULL,NULL,76,73,54,0,95,58,0,91,60,76,92,84,75,71,0,0,0,0,0,0,0,0,0,0,0,0,0,0,NULL,0,0,0,0,0,0,0,0),
      (699,6,3,1,E'31WT717205',E' ',E'10017',E'Esche, Michael',E'10.03.1987',E' ',E'1',E' ',E'88784731',NULL,NULL,0,0,0,0,0,0,0,0,0,0,0,0,0,0,0,0,0,0,0,0,0,0,0,0,0,0,0,0,NULL,0,0,0,0,0,0,0,0),
      (698,5,3,1,E'31WT717205',E' ',E'10021',E'Mac Millan, Myles',E'28.12.1987',E' ',E'1',E'08.02.2016',E'72717990',NULL,NULL,0,0,0,0,0,0,0,0,0,0,0,0,0,0,0,0,0,0,0,0,0,0,0,0,0,0,0,0,NULL,0,0,0,0,0,0,0,0),
      (697,4,3,1,E'31WT717205',E' ',E'10020',E'Häußler, Axel',E'30.03.1983',E' ',E'1',E' ',E'85021882',NULL,NULL,0,0,0,51,0,0,53,0,0,0,0,0,0,0,0,0,0,0,0,0,0,0,0,0,0,0,0,0,NULL,0,0,0,0,0,0,0,0),
      (700,7,3,1,E'31WT717205',E' ',E'10018',E'Szarszewski, Maik',E'14.05.1972',E' ',E'1',E' ',E'74463694',NULL,NULL,74,77,58,55,94,55,56,82,55,77,92,92,74,65,0,0,0,0,0,0,0,0,0,0,0,0,0,0,NULL,0,0,0,0,0,0,0,0),
      (696,3,3,1,E'31WT717205',E' ',E'10019',E'Mayer, Michael',E'17.01.1964',E' ',E'1',E' ',E'65773805',NULL,NULL,0,0,0,0,0,0,0,0,0,0,0,0,0,0,0,0,0,0,0,0,0,0,0,0,0,0,0,0,NULL,0,0,0,0,0,0,0,0),
      (695,2,3,1,E'31WT717205',E' ',E'10018',E'Wentzel, Lena',E'30.05.1997',E' ',E'1',E' ',E'98641593',NULL,NULL,70,72,54,54,88,56,50,91,57,72,89,92,76,73,0,0,0,0,0,0,0,0,0,0,0,0,0,0,NULL,0,0,0,0,0,0,0,0),
      (690,2,3,1,E'31WT717304',E' ',E'10007',E'Lohr, Matthias',E'11.12.1982',E' ',E'1',E' ',E'83910206',NULL,NULL,61,87,53,69,87,68,81,0,0,0,0,0,0,0,0,0,0,0,0,0,0,0,0,0,0,0,0,0,NULL,0,0,0,0,0,0,0,0),
      (691,3,3,1,E'31WT717304',E' ',E'10008',E'Grimm, Daniel',E'01.07.1981',E' ',E'1',E' ',E'30364399',NULL,NULL,63,84,51,75,83,70,92,0,0,0,0,0,0,0,0,0,0,0,0,0,0,0,0,0,0,0,0,0,NULL,0,0,0,0,0,0,0,0),
      (693,5,3,1,E'31WT717304',E' ',E'10010',E'Sparakowski, Rudi',E'12.01.1954',E' ',E'1',E' ',E'56882285',NULL,NULL,0,0,0,0,0,0,0,0,0,0,0,0,0,0,0,0,0,0,0,0,0,0,0,0,0,0,0,0,NULL,0,0,0,0,0,0,0,0),
      (689,1,3,1,E'31WT717304',E' ',E'10011',E'Bail, Berthold',E'10.07.1962',E' ',E'1',E' ',E'63849908',NULL,NULL,71,91,52,74,82,64,90,0,0,0,0,0,0,0,0,0,0,0,0,0,0,0,0,0,0,0,0,0,NULL,0,0,0,0,0,0,0,0),
      (692,4,3,1,E'31WT717304',E' ',E'10009',E'Kramer, Reinhard',E'23.03.1966',E' ',E'1',E' ',E'68203213',NULL,NULL,0,0,0,0,0,0,0,0,0,0,0,0,0,0,0,0,0,0,0,0,0,0,0,0,0,0,0,0,NULL,0,0,0,0,0,0,0,0),
      (745,6,3,1,E'31WT717601',E' ',E'10016',E'Gengenbacher, Thomas',E'02.12.1981',E' ',E'1',E' ',E'84190419',NULL,NULL,0,0,0,0,0,0,0,0,0,0,0,0,0,0,0,0,0,0,0,0,0,0,0,0,0,0,0,0,NULL,0,0,0,0,0,0,0,0),
      (740,1,3,1,E'31WT717601',E' ',E'10013',E'Roces, Inigo',E'10.05.2002',E' ',E'1',E' ',E'21875821',NULL,NULL,61,91,73,87,55,51,90,76,55,54,86,73,55,52,0,0,0,0,0,0,0,0,0,0,0,0,0,0,NULL,0,0,0,0,0,0,0,0),
      (741,2,3,1,E'31WT717601',E' ',E'10017',E'Ullmann, Nino',E'30.08.1968',E' ',E'1',E' ',E'69684295',NULL,NULL,0,0,0,0,0,0,0,0,0,0,0,0,0,0,0,0,0,0,0,0,0,0,0,0,0,0,0,0,NULL,0,0,0,0,0,0,0,0),
      (742,3,3,1,E'31WT717601',E' ',E'10014',E'Flitz, Nicole',E'13.12.1977',E' ',E'1',E' ',E'79912493',NULL,NULL,77,88,70,92,54,53,78,76,54,52,90,86,74,52,0,0,0,0,0,0,0,0,0,0,0,0,0,0,NULL,0,0,0,0,0,0,0,0),
      (743,4,3,1,E'31WT717601',E' ',E'10012',E'Eckel, Adrian',E'26.11.1997',E' ',E'1',E' ',E'98687185',NULL,NULL,0,0,0,0,0,0,0,0,0,0,0,0,0,0,0,0,0,0,0,0,0,0,0,0,0,0,0,0,NULL,0,0,0,0,0,0,0,0),
      (744,5,3,1,E'31WT717601',E' ',E'10015',E'Hartmann, Roman',E'01.09.1994',E' ',E'1',E' ',E'96079892',NULL,NULL,69,92,68,91,54,57,90,70,58,53,94,94,75,54,0,0,0,0,0,0,0,0,0,0,0,0,0,0,NULL,0,0,0,0,0,0,0,0),
      (678,4,3,2,E'32WT111230',E' ',E'10065',E'Herion, Uwe',E'11.08.1954',E' ',E'1',E' ',E'55332380',NULL,NULL,0,0,0,0,0,0,0,0,0,0,0,0,0,0,0,0,0,0,0,0,0,0,0,0,0,0,0,0,NULL,0,0,0,0,0,0,0,0),
      (679,5,3,2,E'32WT111230',E' ',E'10066',E'Ulmer, Klaus',E'19.07.1981',E' ',E'1',E' ',E'70080386',NULL,NULL,0,0,0,0,0,0,0,0,0,0,0,0,0,0,0,0,0,0,0,0,0,0,0,0,0,0,0,0,NULL,0,0,0,0,0,0,0,0),
      (676,2,3,2,E'32WT111230',E' ',E'10063',E'Brunner, Swen',E'16.05.1977',E' ',E'1',E' ',E'83756823',NULL,NULL,92,88,88,47,94,58,70,88,58,75,90,72,85,89,75,56,88,55,88,91,73,0,0,0,0,0,0,0,NULL,0,0,0,0,0,0,0,0),
      (677,3,3,2,E'32WT111230',E' ',E'10064',E'Hehner, Wolfgang',E'11.12.1965',E' ',E'1',E' ',E'67296901',NULL,NULL,89,90,91,54,86,53,58,90,56,62,79,70,91,90,74,43,88,53,89,90,70,0,0,0,0,0,0,0,NULL,0,0,0,0,0,0,0,0),
      (675,1,3,2,E'32WT111230',E' ',E'10062',E'Stahl, Rolf',E'05.05.1968',E' ',E'1',E' ',E'69289785',NULL,NULL,74,82,72,56,85,55,69,86,50,70,88,70,94,89,63,54,84,50,87,85,68,0,0,0,0,0,0,0,NULL,0,0,0,0,0,0,0,0),
      (775,4,3,2,E'32WT111316',E' ',E'10078',E'Glöckler, Stefan',E'18.10.1986',E' ',E'1',E' ',E'88491589',NULL,NULL,92,92,51,87,68,51,69,68,51,0,87,66,56,72,87,91,49,51,74,71,50,0,0,0,0,0,0,0,NULL,0,0,0,0,0,0,0,0),
      (776,5,3,2,E'32WT111316',E' ',E'10080',E'Kriegelstein, Konstantin',E'09.08.1996',E' ',E'1',E' ',E'10227215',NULL,NULL,88,0,45,0,0,44,60,0,0,0,0,0,0,0,0,88,51,53,75,69,54,0,0,0,0,0,0,0,NULL,0,0,0,0,0,0,0,0),
      (772,1,3,2,E'32WT111316',E' ',E'10079',E'Stojkovic, Sinisa',E'16.10.1964',E' ',E'1',E' ',E'66507785',NULL,NULL,93,88,59,90,72,54,76,72,56,51,91,62,0,0,0,0,0,0,0,0,0,0,0,0,0,0,0,0,NULL,0,0,0,0,0,0,0,0),
      (773,2,3,2,E'32WT111316',E' ',E'10076',E'Trümper, Georg',E'22.11.1979',E' ',E'1',E' ',E'81098868',NULL,NULL,0,0,0,0,0,0,0,72,52,44,90,65,49,72,86,0,0,0,0,0,0,0,0,0,0,0,0,0,NULL,0,0,0,0,0,0,0,0),
      (774,3,3,2,E'32WT111316',E' ',E'10077',E'Glöckler, Klaus',E'12.03.1953',E' ',E'1',E' ',E'38141505',NULL,NULL,0,83,0,83,68,0,0,0,0,46,0,0,56,72,85,90,53,45,68,63,50,0,0,0,0,0,0,0,NULL,0,0,0,0,0,0,0,0),
      (660,3,3,2,E'32WT313207',E' ',E'10051',E'Moser, Tim',E'04.03.1992',E' ',E'1',E' ',E'94025680',NULL,NULL,0,48,57,50,53,53,61,66,91,67,78,69,66,80,75,87,85,0,0,69,71,0,0,0,0,0,0,0,NULL,0,0,0,0,0,0,0,0),
      (661,4,3,2,E'32WT313207',E' ',E'10050',E'Schuhmair, Peter',E'21.03.1985',E' ',E'1',E' ',E'87437165',NULL,NULL,92,56,66,48,65,42,68,0,0,0,0,0,0,0,93,90,89,54,61,71,68,0,0,0,0,0,0,0,NULL,0,0,0,0,0,0,0,0),
      (662,5,3,2,E'32WT313207',E' ',E'10054',E'Beer, Daniel',E'24.01.2001',E' ',E'1',E' ',E'12408027',NULL,NULL,65,0,0,0,0,0,0,0,0,0,0,0,0,0,0,0,0,0,0,0,0,0,0,0,0,0,0,0,NULL,0,0,0,0,0,0,0,0),
      (779,6,3,2,E'32WT313207',E' ',E' ',E'Hitzler, Johann',E'11.05.1969',E' ',E'1',E' ',E'71038688',NULL,NULL,0,0,0,0,0,0,0,0,0,61,72,0,0,0,0,0,0,0,0,0,0,0,0,0,0,0,0,0,NULL,0,0,0,0,0,0,0,0),
      (658,1,3,2,E'32WT313207',E' ',E'10053',E'Santin, Marco',E'30.03.1992',E' ',E'1',E' ',E'18436645',NULL,NULL,0,0,0,0,0,0,0,75,95,75,91,69,58,81,90,90,92,56,77,72,74,0,0,0,0,0,0,0,NULL,0,0,0,0,0,0,0,0),
      (659,2,3,2,E'32WT313207',E' ',E'10052',E'Arbogast, Markus',E'04.04.1989',E' ',E'1',E' ',E'91255312',NULL,NULL,86,52,68,46,71,35,69,55,77,0,0,67,72,90,0,0,0,36,63,0,0,0,0,0,0,0,0,0,NULL,0,0,0,0,0,0,0,0),
      (753,3,3,2,E'32WT313317',E' ',E'10073',E'Stein, Frank',E'26.04.1964',E' ',E'1',E' ',E'65450621',NULL,NULL,0,0,0,54,86,53,74,0,0,85,58,0,0,0,74,70,86,73,56,69,47,0,0,0,0,0,0,0,NULL,0,0,0,0,0,0,0,0),
      (752,2,3,2,E'32WT313317',E' ',E'10072',E'Joschko, Peter',E'26.06.1967',E' ',E'1',E' ',E'68855615',NULL,NULL,83,54,82,0,77,53,68,90,93,91,78,57,73,76,70,70,91,75,57,77,45,0,0,0,0,0,0,0,NULL,0,0,0,0,0,0,0,0),
      (754,4,3,2,E'32WT313317',E' ',E'10075',E'Risel, Jürgen',E'28.12.1961',E' ',E'1',E' ',E'62906705',NULL,NULL,0,0,0,0,0,0,0,75,77,0,0,55,51,65,0,0,0,0,0,0,0,0,0,0,0,0,0,0,NULL,0,0,0,0,0,0,0,0),
      (780,5,3,2,E'32WT313317',E' ',E' ',E'Mitev, Ortse',E'26.02.1971',E' ',E'1',E' ',E'31389420',NULL,NULL,89,51,89,0,0,0,0,0,0,0,0,0,0,0,0,0,0,0,0,0,0,0,0,0,0,0,0,0,NULL,0,0,0,0,0,0,0,0),
      (751,1,3,2,E'32WT313317',E' ',E'10074',E'Hense, Armin',E'01.01.1996',E' ',E'1',E' ',E'97423812',NULL,NULL,91,57,92,56,90,58,71,95,97,96,75,54,77,77,75,76,97,76,56,75,55,0,0,0,0,0,0,0,NULL,0,0,0,0,0,0,0,0),
      (674,7,3,2,E'32WT515211',E' ',E'10060',E'Olschewski, Lea',E'12.02.2001',E' ',E'1',E' ',E'85717514',NULL,NULL,0,42,56,71,0,0,56,45,44,0,0,46,50,65,0,0,0,0,0,0,0,0,0,0,0,0,0,0,NULL,0,0,0,0,0,0,0,0),
      (673,6,3,2,E'32WT515211',E' ',E'10055',E'Hailer, Andreas',E'26.02.1970',E' ',E'1',E' ',E'32089323',NULL,NULL,0,0,0,0,0,0,0,0,0,0,0,0,0,0,0,23,23,0,0,0,0,0,0,0,0,0,0,0,NULL,0,0,0,0,0,0,0,0),
      (672,5,3,2,E'32WT515211',E' ',E'10056',E'Burkhardt, Tim',E'02.07.1978',E' ',E'1',E' ',E'24982516',NULL,NULL,88,38,66,88,0,50,66,39,50,51,70,0,0,88,51,50,53,46,50,62,59,0,0,0,0,0,0,0,NULL,0,0,0,0,0,0,0,0),
      (671,4,3,2,E'32WT515211',E' ',E'10061',E'Bierstedt, Bernhard',E'14.09.1958',E' ',E'1',E' ',E'60921774',NULL,NULL,84,0,53,0,19,0,0,0,0,0,0,0,0,0,0,0,0,0,0,0,0,0,0,0,0,0,0,0,NULL,0,0,0,0,0,0,0,0),
      (670,3,3,2,E'32WT515211',E' ',E'10059',E'Weiss, Thomas',E'04.02.1971',E' ',E'1',E' ',E'79806243',NULL,NULL,0,0,0,0,41,50,0,0,0,48,60,53,50,0,0,0,0,0,0,46,0,0,0,0,0,0,0,0,NULL,0,0,0,0,0,0,0,0),
      (669,2,3,2,E'32WT515211',E' ',E'10058',E'Raab, Armin',E'20.07.1963',E' ',E'1',E' ',E'64301373',NULL,NULL,93,49,0,83,45,55,73,54,53,50,72,50,53,88,46,0,0,51,51,0,71,0,0,0,0,0,0,0,NULL,0,0,0,0,0,0,0,0),
      (668,1,3,2,E'32WT515211',E' ',E'10057',E'Zizmann, Jürgen',E'02.04.1964',E' ',E'1',E' ',E'66234301',NULL,NULL,0,0,0,0,0,0,0,0,0,0,0,0,0,0,54,48,56,48,53,68,68,0,0,0,0,0,0,0,NULL,0,0,0,0,0,0,0,0),
      (657,5,3,2,E'32WT525228',E' ',E'10071',E'Wurster, Lea',E'08.09.1997',E' ',E'1',E' ',E'98502208',NULL,NULL,0,0,0,0,0,0,0,0,0,0,0,0,0,0,0,0,0,0,0,0,0,0,0,0,0,0,0,0,NULL,0,0,0,0,0,0,0,0),
      (655,3,3,2,E'32WT525228',E' ',E'10069',E'Hammann, Niklas',E'29.12.2001',E' ',E'1',E' ',E'13100690',NULL,NULL,92,58,59,75,58,94,75,55,78,55,69,73,74,75,56,89,57,76,89,93,74,0,0,0,0,0,0,0,NULL,0,0,0,0,0,0,0,0),
      (654,2,3,2,E'32WT525228',E' ',E'10068',E'Schulze, Philip',E'14.08.1999',E' ',E'1',E' ',E'11074690',NULL,NULL,90,56,60,74,54,86,73,52,93,56,75,77,74,76,0,0,56,75,88,92,75,0,0,0,0,0,0,0,NULL,0,0,0,0,0,0,0,0),
      (653,1,3,2,E'32WT525228',E' ',E'10067',E'Vaccaro, Raffaele',E'26.06.1995',E' ',E'1',E' ',E'61010233 ',NULL,NULL,95,58,55,76,54,96,74,56,96,55,77,76,76,73,57,94,55,78,92,90,73,0,0,0,0,0,0,0,NULL,0,0,0,0,0,0,0,0),
      (656,4,3,2,E'32WT525228',E' ',E'10070',E'Hammann, Frank',E'24.07.1966',E' ',E'1',E' ',E'36927971',NULL,NULL,0,0,0,0,0,0,0,0,0,0,0,0,0,0,56,89,0,0,0,0,0,0,0,0,0,0,0,0,NULL,0,0,0,0,0,0,0,0),
      (789,6,3,2,E'32WT525401',E' ',E'1BLSR',E'Roscher, Yvonne',E'03.10.1979',E' ',E'1',E' ',E'80710790',NULL,NULL,0,0,0,0,0,0,0,72,95,0,0,87,69,0,0,0,0,0,0,0,0,0,0,0,0,0,0,0,NULL,0,0,0,0,0,0,0,0),
      (667,5,3,2,E'32WT525401',E' ',E'10046',E'Berg, Vincent',E'11.04.2001',E' ',E'1',E' ',E'12640995',NULL,NULL,0,0,0,0,0,0,0,0,0,0,0,0,0,0,0,0,0,0,0,0,0,0,0,0,0,0,0,0,NULL,0,0,0,0,0,0,0,0),
      (666,4,3,2,E'32WT525401',E' ',E'10047',E'Meyer, Abigail',E'26.12.2002',E' ',E'1',E' ',E'13880815',NULL,NULL,92,88,87,71,82,51,76,74,94,53,85,92,69,0,94,73,53,58,91,92,70,0,0,0,0,0,0,0,NULL,0,0,0,0,0,0,0,0),
      (665,3,3,2,E'32WT525401',E' ',E'10048',E'Wegend, Christian',E'12.12.1977',E' ',E'1',E' ',E'72482985',NULL,NULL,0,0,0,0,0,0,68,0,0,52,83,0,0,88,0,0,55,53,92,84,69,0,0,0,0,0,0,0,NULL,0,0,0,0,0,0,0,0),
      (664,2,3,2,E'32WT525401',E' ',E'10049',E'Meyer, Silvio',E'21.01.1974',E' ',E'1',E' ',E'75625864',NULL,NULL,87,93,86,74,89,52,0,77,89,55,0,93,76,85,84,67,0,0,0,0,0,0,0,0,0,0,0,0,NULL,0,0,0,0,0,0,0,0),
      (663,1,3,2,E'32WT525401',E' ',E'10045',E'Greul, Markus',E'10.07.1994',E' ',E'1',E' ',E'95687390',NULL,NULL,87,90,90,64,87,55,74,0,0,0,90,0,0,87,86,62,53,54,93,91,70,0,0,0,0,0,0,0,NULL,0,0,0,0,0,0,0,0),
      (764,2,3,2,E'32WT535623',E' ',E'10043',E'Redmer, Christian',E'11.08.1983',E' ',E'1',E' ',E'85483288',NULL,NULL,0,0,0,0,0,0,0,0,0,0,0,0,0,0,0,0,0,0,0,0,0,0,0,0,0,0,0,0,NULL,0,0,0,0,0,0,0,0),
      (765,3,3,2,E'32WT535623',E' ',E'10042',E'Schmidt, Julian',E'12.03.2003',E' ',E'1',E' ',E'15011689',NULL,NULL,94,93,93,52,83,92,73,74,56,95,61,93,86,75,83,88,92,56,87,88,76,0,0,0,0,0,0,0,NULL,0,0,0,0,0,0,0,0),
      (777,4,3,2,E'32WT535623',E' ',E'5383',E'Becker, Frank',E'12.11.1964',E' ',E'1',E' ',E'65697872',NULL,NULL,93,89,92,56,94,72,72,73,55,90,76,86,92,72,82,86,93,56,90,91,79,0,0,0,0,0,0,0,NULL,0,0,0,0,0,0,0,0),
      (778,5,3,2,E'32WT535623',E' ',E'2BLSR',E'Schaaf, Jonathan',E'19.02.1998',E' ',E'1',E' ',E'10186507',NULL,NULL,92,92,92,55,89,91,68,0,0,0,0,0,0,0,87,86,86,53,97,87,69,0,0,0,0,0,0,0,NULL,0,0,0,0,0,0,0,0),
      (763,1,3,2,E'32WT535623',E' ',E'10044',E'Gaspert, Elisabeth',E'25.06.2001',E' ',E'1',E' ',E'13669015',NULL,NULL,0,0,0,0,0,0,0,0,0,0,0,0,0,0,0,0,0,0,0,0,0,0,0,0,0,0,0,0,NULL,0,0,0,0,0,0,0,0),
      (790,6,3,2,E'32WT535623',E' ',E'1BLSR',E'Schaaf, Simeon',E'20.06.1991',E' ',E'1',E' ',E'92839113',NULL,NULL,0,0,0,0,0,0,0,74,55,89,78,94,94,73,0,0,0,0,0,0,0,0,0,0,0,0,0,0,NULL,0,0,0,0,0,0,0,0),
      (521,5,3,3,E'33WT414418',E' ',E'10082',E'Federschmid, Heiko',E'16.04.1992',E' ',E'1',E' ',E'94638408',NULL,NULL,0,0,0,0,0,0,0,73,0,46,81,52,51,85,0,0,0,0,0,0,0,0,0,0,0,0,0,0,NULL,0,0,0,0,0,0,0,0),
      (80,6,3,3,E'33WT414418',E' ',E'10083',E'Keller, Thomas',E'06.12.1980',E' ',E'1',E' ',E'81913821',NULL,NULL,0,50,62,53,65,84,68,0,0,0,0,0,0,0,0,0,0,0,0,0,0,0,0,0,0,0,0,0,NULL,0,0,0,0,0,0,0,0),
      (79,1,3,3,E'33WT414418',E' ',E'10084',E'Telle, Andreas',E'02.01.1978',E' ',E'1',E' ',E'79781826',NULL,NULL,65,47,75,56,88,96,76,89,93,54,87,55,59,92,0,0,0,0,0,0,0,0,0,0,0,0,0,0,NULL,0,0,0,0,0,0,0,0),
      (78,2,3,3,E'33WT414418',E' ',E'10081',E'Müller, Denis',E'11.02.1992',E' ',E'1',E' ',E'93807031',NULL,NULL,56,43,56,0,0,64,65,0,75,0,82,0,0,0,0,0,0,0,0,0,0,0,0,0,0,0,0,0,NULL,0,0,0,0,0,0,0,0),
      (685,4,3,3,E'33WT414418',E' ',E'10086',E'Fode, Nick',E'30.01.1997',E' ',E'1',E' ',E'98070507',NULL,NULL,60,0,0,46,72,0,0,85,82,50,0,48,51,92,0,0,0,0,0,0,0,0,0,0,0,0,0,0,NULL,0,0,0,0,0,0,0,0),
      (684,3,3,3,E'33WT414418',E' ',E'10085',E'Allmendinger, Michael',E'04.08.1957',E' ',E'1',E' ',E'60355283',NULL,NULL,0,0,0,0,0,0,0,0,0,0,0,0,0,0,0,0,0,0,0,0,0,0,0,0,0,0,0,0,NULL,0,0,0,0,0,0,0,0),
      (501,1,3,3,E'33WT414516',E' ',E'10107',E'Raisch, Markus',E'24.08.1996',E' ',E'1',E' ',E'97880817',NULL,NULL,90,40,70,89,46,58,89,0,71,0,0,0,0,0,0,0,0,0,0,0,0,0,0,0,0,0,0,0,NULL,0,0,0,0,0,0,0,0),
      (641,2,3,3,E'33WT414516',E' ',E'10106',E'Kaltenmark, Manuela',E'21.11.1964',E' ',E'1',E' ',E'66941683',NULL,NULL,90,55,90,90,55,53,89,0,0,67,85,40,0,49,0,0,0,0,0,0,0,0,0,0,0,0,0,0,NULL,0,0,0,0,0,0,0,0),
      (505,9,3,3,E'33WT414516',E' ',E'10110',E'Giebe, Anneliese',E'09.01.1958',E' ',E'1',E' ',E'60175030',NULL,NULL,0,0,0,0,0,0,0,0,0,0,0,0,0,0,0,0,0,0,0,0,0,0,0,0,0,0,0,0,NULL,0,0,0,0,0,0,0,0),
      (504,4,3,3,E'33WT414516',E' ',E'10111',E'Diebold, Siegbert',E'09.01.1961',E' ',E'1',E' ',E'63400184',NULL,NULL,0,0,0,0,0,0,0,97,91,72,0,0,72,42,0,0,0,0,0,0,0,0,0,0,0,0,0,0,NULL,0,0,0,0,0,0,0,0),
      (503,8,3,3,E'33WT414516',E' ',E'10104',E'Kaltenmark, Martin',E'05.12.1962',E' ',E'1',E' ',E'64724101',NULL,NULL,0,0,0,0,0,0,0,0,0,0,0,0,0,0,0,0,0,0,0,0,0,0,0,0,0,0,0,0,NULL,0,0,0,0,0,0,0,0),
      (502,7,3,3,E'33WT414516',E' ',E'10112',E'Widmann, Rita',E'14.10.1962',E' ',E'1',E' ',E'63695288',NULL,NULL,0,0,0,0,0,0,0,0,0,0,0,0,0,0,0,0,0,0,0,0,0,0,0,0,0,0,0,0,NULL,0,0,0,0,0,0,0,0),
      (500,6,3,3,E'33WT414516',E' ',E'10109',E'Höschle, Stefan',E'24.07.1964',E' ',E'1',E' ',E'66244324',NULL,NULL,0,0,72,79,0,0,0,0,0,73,88,50,0,0,0,0,0,0,0,0,0,0,0,0,0,0,0,0,NULL,0,0,0,0,0,0,0,0),
      (498,3,3,3,E'33WT414516',E' ',E'10105',E'Kusterer, Roland',E'22.03.1953',E' ',E'1',E' ',E'55221603',NULL,NULL,0,0,0,0,51,0,0,81,0,0,86,44,61,0,0,0,0,0,0,0,0,0,0,0,0,0,0,0,NULL,0,0,0,0,0,0,0,0),
      (643,10,3,3,E'33WT414516',E' ',E'10108',E'Straub, Erwin',E'30.04.1955',E' ',E'1',E' ',E'32597810',NULL,NULL,0,0,0,0,0,52,80,0,0,0,0,0,0,0,0,0,0,0,0,0,0,0,0,0,0,0,0,0,NULL,0,0,0,0,0,0,0,0),
      (499,5,3,3,E'33WT414516',E' ',E'10103',E'Vogt, Karin',E'21.07.1963',E' ',E'1',E' ',E'64311885',NULL,NULL,68,27,0,0,0,0,0,80,79,0,0,0,68,50,0,0,0,0,0,0,0,0,0,0,0,0,0,0,NULL,0,0,0,0,0,0,0,0),
      (35,2,3,3,E'33WT424108',E' ',E'10119',E'Müller, Janet',E'26.11.1998',E' ',E'1',E' ',E'14168219',NULL,NULL,55,67,50,89,72,0,49,79,94,68,81,90,89,71,0,0,0,0,0,0,0,0,0,0,0,0,0,0,NULL,0,0,0,0,0,0,0,0),
      (644,5,3,3,E'33WT424108',E' ',E'10123',E'Schuparra, Carlo',E'28.09.1958',E' ',E'1',E' ',E'36345467',NULL,NULL,0,0,33,0,0,0,0,0,0,0,0,0,0,0,0,0,0,0,0,0,0,0,0,0,0,0,0,0,NULL,0,0,0,0,0,0,0,0),
      (36,1,3,3,E'33WT424108',E' ',E'10118',E'Dimitriadou, Georgia',E'07.02.1999',E' ',E'1',E' ',E'20401429',NULL,NULL,48,53,49,75,67,86,51,82,80,63,82,83,77,68,0,0,0,0,0,0,0,0,0,0,0,0,0,0,NULL,0,0,0,0,0,0,0,0),
      (406,3,3,3,E'33WT424108',E' ',E'10122',E'Düzgünoglu, Melisa',E'27.07.2001',E' ',E'1',E' ',E'47734647',NULL,NULL,47,66,0,91,57,63,0,89,77,66,87,0,0,0,0,0,0,0,0,0,0,0,0,0,0,0,0,0,NULL,0,0,0,0,0,0,0,0),
      (407,4,3,3,E'33WT424108',E' ',E'10120',E'Bleher, Markus',E'04.02.1979',E' ',E'1',E' ',E'77822807',NULL,NULL,0,0,0,0,0,0,0,0,0,0,0,0,0,0,0,0,0,0,0,0,0,0,0,0,0,0,0,0,NULL,0,0,0,0,0,0,0,0),
      (683,6,3,3,E'33WT424108',E' ',E'10121',E'Floten, Selina',E'22.01.2003',E' ',E'1',E'07.04.2015',E'33609274',NULL,NULL,0,0,0,0,0,86,28,0,0,0,0,70,68,54,0,0,0,0,0,0,0,0,0,0,0,0,0,0,NULL,0,0,0,0,0,0,0,0),
      (539,2,3,3,E'33WT434424',E' ',E'10120',E'Burk, Thomas',E'23.12.1953',E' ',E'1',E' ',E'87463313',NULL,NULL,75,77,52,71,90,87,87,0,0,0,0,0,0,0,0,0,0,0,0,0,0,0,0,0,0,0,0,0,NULL,0,0,0,0,0,0,0,0),
      (682,4,3,3,E'33WT434424',E' ',E'10119',E'Uhlmann, André',E'29.11.1974',E' ',E'1',E' ',E'69354999',NULL,NULL,0,0,0,50,78,0,77,0,0,60,23,0,0,0,0,0,0,0,0,0,0,0,0,0,0,0,0,0,NULL,0,0,0,0,0,0,0,0),
      (680,1,3,3,E'33WT434424',E' ',E'10118',E'Riffelt, Erhard',E'23.03.1964',E' ',E'1',E' ',E'62797481',NULL,NULL,63,76,50,0,84,91,83,61,82,0,51,66,46,52,0,0,0,0,0,0,0,0,0,0,0,0,0,0,NULL,0,0,0,0,0,0,0,0),
      (681,3,3,3,E'33WT434424',E' ',E'10117',E'Hubert, Waldemar',E'31.05.1983',E' ',E'1',E' ',E'31855008',NULL,NULL,67,76,54,73,0,92,0,70,98,72,0,61,51,52,0,0,0,0,0,0,0,0,0,0,0,0,0,0,NULL,0,0,0,0,0,0,0,0),
      (791,5,3,3,E'33WT434424',E' ',E' ',E'Werz, Michael',E'27.09.1990',E' ',E'1',E'01.01.2000',E'91671093',NULL,NULL,0,0,0,0,0,0,0,72,80,71,52,63,45,54,0,0,0,0,0,0,0,0,0,0,0,0,0,0,NULL,0,0,0,0,0,0,0,0),
      (686,1,3,3,E'33WT434524',E' ',E'10115',E'Stadler, Thomas',E'20.05.1974',E' ',E'1',E' ',E'76040285',NULL,NULL,54,91,67,55,55,92,57,86,91,88,56,67,77,92,0,0,0,0,0,0,0,0,0,0,0,0,0,0,NULL,0,0,0,0,0,0,0,0),
      (250,2,3,3,E'33WT434524',E' ',E'10114',E'Bauerfeind, Matthias',E'14.08.1973',E' ',E'1',E' ',E'17405616',NULL,NULL,56,89,79,54,55,92,54,88,92,88,52,75,74,90,0,0,0,0,0,0,0,0,0,0,0,0,0,0,NULL,0,0,0,0,0,0,0,0),
      (249,4,3,3,E'33WT434524',E' ',E'10117',E'Odon, Thomas',E'25.04.1973',E' ',E'1',E' ',E'76460006',NULL,NULL,0,0,72,56,0,0,51,0,85,88,0,72,64,90,0,0,0,0,0,0,0,0,0,0,0,0,0,0,NULL,0,0,0,0,0,0,0,0),
      (248,3,3,3,E'33WT434524',E' ',E'10113',E'Tschernitsch, Engelbert',E'18.10.1973',E' ',E'1',E' ',E'76924684',NULL,NULL,53,83,0,0,49,81,0,75,0,0,34,0,0,0,0,0,0,0,0,0,0,0,0,0,0,0,0,0,NULL,0,0,0,0,0,0,0,0),
      (408,5,3,3,E'33WT434524',E' ',E'10116',E'De Grandis, Jocelyn',E'23.11.1980',E' ',E'1',E' ',E'44072584',NULL,NULL,0,0,0,0,0,0,0,0,0,0,0,0,0,0,0,0,0,0,0,0,0,0,0,0,0,0,0,0,NULL,0,0,0,0,0,0,0,0),
      (762,4,3,3,E'33WT616315',E' ',E'10088',E'Hofer, Nadine',E'24.03.1999',E' ',E'1',E' ',E'10608995',NULL,NULL,66,59,74,36,75,51,47,88,87,0,0,0,67,42,0,0,0,0,0,0,0,0,0,0,0,0,0,0,NULL,0,0,0,0,0,0,0,0),
      (220,6,3,3,E'33WT616315',E' ',E'10089',E'Deusch, Andrea',E'08.08.1973',E' ',E'1',E' ',E'74841017',NULL,NULL,73,74,89,54,87,53,0,90,87,91,58,68,0,52,0,0,0,0,0,0,0,0,0,0,0,0,0,0,NULL,0,0,0,0,0,0,0,0),
      (218,5,3,3,E'33WT616315',E' ',E'10091',E'Romer, Andreas',E'25.09.1995',E' ',E'1',E' ',E'96867609',NULL,NULL,55,67,81,49,75,42,0,85,92,90,45,74,81,50,0,0,0,0,0,0,0,0,0,0,0,0,0,0,NULL,0,0,0,0,0,0,0,0),
      (217,2,3,3,E'33WT616315',E' ',E'10092',E'Niggel, Maritta',E'04.03.1969',E' ',E'1',E' ',E'71012688',NULL,NULL,0,0,0,0,0,0,0,0,0,87,35,66,0,0,0,0,0,0,0,0,0,0,0,0,0,0,0,0,NULL,0,0,0,0,0,0,0,0),
      (216,3,3,3,E'33WT616315',E' ',E'10087',E'Weigle, Sarah',E'01.08.1985',E' ',E'1',E' ',E'86660392',NULL,NULL,0,0,0,0,0,0,44,0,0,0,0,0,0,0,0,0,0,0,0,0,0,0,0,0,0,0,0,0,NULL,0,0,0,0,0,0,0,0),
      (219,1,3,3,E'33WT616315',E' ',E'10090',E'Graf, Christine',E'04.06.1961',E' ',E'1',E' ',E'63045871',NULL,NULL,0,0,0,0,0,0,44,0,0,0,0,0,68,0,0,0,0,0,0,0,0,0,0,0,0,0,0,0,NULL,0,0,0,0,0,0,0,0),
      (649,2,3,3,E'33WT616516',E' ',E'10095',E'Ott, Tobias',E'28.04.1989',E' ',E'1',E' ',E'90280477',NULL,NULL,0,0,0,0,0,0,0,0,0,0,0,0,0,0,0,0,0,0,0,0,0,0,0,0,0,0,0,0,NULL,0,0,0,0,0,0,0,0),
      (650,6,3,3,E'33WT616516',E' ',E'10094',E'Koch, Manuel',E'25.01.1986',E' ',E'1',E' ',E'87420417',NULL,NULL,68,79,83,66,69,40,40,81,0,67,75,63,0,0,0,0,0,0,0,0,0,0,0,0,0,0,0,0,NULL,0,0,0,0,0,0,0,0),
      (32,5,3,3,E'33WT616516',E' ',E'10096',E'Koch, Alexander',E'20.07.1990',E' ',E'1',E' ',E'92039767',NULL,NULL,88,84,87,72,69,47,69,90,92,74,86,72,91,72,0,0,0,0,0,0,0,0,0,0,0,0,0,0,NULL,0,0,0,0,0,0,0,0),
      (31,4,3,3,E'33WT616516',E' ',E'10095',E'Wiest, Rainer',E'08.12.1986',E' ',E'1',E' ',E'87721795',NULL,NULL,0,0,0,0,0,0,0,0,0,0,0,0,0,0,0,0,0,0,0,0,0,0,0,0,0,0,0,0,NULL,0,0,0,0,0,0,0,0),
      (28,1,3,3,E'33WT616516',E' ',E'10093',E'Eisele, Max',E'07.06.1988',E' ',E'1',E' ',E'89298571',NULL,NULL,68,83,72,68,73,40,60,0,86,0,80,0,87,69,0,0,0,0,0,0,0,0,0,0,0,0,0,0,NULL,0,0,0,0,0,0,0,0),
      (30,3,3,3,E'33WT616516',E' ',E'10096',E'Weigold, Andreas',E'02.01.1978',E' ',E'1',E' ',E'80179421',NULL,NULL,0,0,0,0,0,0,0,84,87,72,0,69,89,61,0,0,0,0,0,0,0,0,0,0,0,0,0,0,NULL,0,0,0,0,0,0,0,0),
      (734,1,3,3,E'33WT717504',E' ',E'10097',E'Reiter, Dierk',E'15.11.1960',E' ',E'1',E' ',E'61703876',NULL,NULL,71,82,91,54,86,56,52,64,87,54,49,89,90,52,0,0,0,0,0,0,0,0,0,0,0,0,0,0,NULL,0,0,0,0,0,0,0,0),
      (736,3,3,3,E'33WT717504',E' ',E'10100',E'Stöbele, Martin',E'24.01.1991',E' ',E'1',E' ',E'93411992',NULL,NULL,37,83,52,38,64,50,49,58,0,0,0,0,0,0,0,0,0,0,0,0,0,0,0,0,0,0,0,0,NULL,0,0,0,0,0,0,0,0),
      (737,4,3,3,E'33WT717504',E' ',E'10098',E'Schmid, Raphael',E'02.02.1999',E' ',E'1',E' ',E'10977991',NULL,NULL,0,0,0,0,0,0,0,0,88,54,54,81,86,52,0,0,0,0,0,0,0,0,0,0,0,0,0,0,NULL,0,0,0,0,0,0,0,0),
      (738,5,3,3,E'33WT717504',E' ',E'10102',E'Dunkelberger, Moritz',E'18.10.1998',E' ',E'1',E' ',E'11233115',NULL,NULL,0,0,0,0,0,0,0,0,0,0,0,0,0,0,0,0,0,0,0,0,0,0,0,0,0,0,0,0,NULL,0,0,0,0,0,0,0,0),
      (739,6,3,3,E'33WT717504',E' ',E'10099',E'Dunkelberger, Niklas',E'16.05.2001',E' ',E'1',E' ',E'14125410',NULL,NULL,0,0,0,0,0,0,0,0,0,0,0,0,0,0,0,0,0,0,0,0,0,0,0,0,0,0,0,0,NULL,0,0,0,0,0,0,0,0),
      (735,2,3,3,E'33WT717504',E' ',E'10101',E'Hagmann, Alexander',E'14.03.1990',E' ',E'1',E' ',E'92631714',NULL,NULL,70,85,85,50,82,49,53,65,88,55,54,89,84,52,0,0,0,0,0,0,0,0,0,0,0,0,0,0,NULL,0,0,0,0,0,0,0,0),
      (620,5,3,4,E'34WT414424',E' ',E'10166',E'Teurich, Chris',E'10.05.1994',E' ',E'1',E' ',E'74728952',NULL,NULL,0,0,0,0,0,0,0,0,0,0,0,0,0,0,0,0,0,0,0,0,0,0,0,0,0,0,0,0,NULL,0,0,0,0,0,0,0,0),
      (453,1,3,4,E'34WT414424',E' ',E'10169',E'Wanner, Benjamin',E'30.06.1985',E' ',E'1',E' ',E'87233609',NULL,NULL,73,74,74,56,92,92,89,93,0,0,0,91,0,91,0,0,0,0,0,0,0,0,0,0,0,0,0,0,NULL,0,0,0,0,0,0,0,0),
      (452,4,3,4,E'34WT414424',E' ',E'10168',E'Kienle, Mario',E'22.12.1968',E' ',E'1',E' ',E'71124336',NULL,NULL,0,0,0,0,0,0,0,0,0,0,0,0,0,0,0,0,0,0,0,0,0,0,0,0,0,0,0,0,NULL,0,0,0,0,0,0,0,0),
      (619,3,3,4,E'34WT414424',E' ',E'10167',E'Bauer, Jan',E'09.10.1995',E' ',E'1',E' ',E'96166004',NULL,NULL,77,75,78,56,95,94,94,92,78,94,95,94,92,96,0,0,0,0,0,0,0,0,0,0,0,0,0,0,NULL,0,0,0,0,0,0,0,0),
      (688,6,3,4,E'34WT414424',E' ',E'10165',E'Lemmer, Andreas',E'27.02.1985',E' ',E'1',E' ',E'59667343',NULL,NULL,76,74,75,57,94,91,95,93,75,92,92,96,92,93,0,0,0,0,0,0,0,0,0,0,0,0,0,0,NULL,0,0,0,0,0,0,0,0),
      (451,2,3,4,E'34WT414424',E' ',E'10164',E'Koch, Michael',E'10.09.1967',E' ',E'1',E' ',E'68660172',NULL,NULL,0,0,0,0,0,0,0,0,75,93,92,0,90,0,0,0,0,0,0,0,0,0,0,0,0,0,0,0,NULL,0,0,0,0,0,0,0,0),
      (687,4,3,4,E'34WT414524',E' ',E'10149',E'Mutschler, Benjamin',E'05.08.1988',E' ',E'1',E' ',E'90909671',NULL,NULL,57,94,75,92,95,78,58,78,76,56,54,97,94,75,0,0,0,0,0,0,0,0,0,0,0,0,0,0,NULL,0,0,0,0,0,0,0,0),
      (394,3,3,4,E'34WT414524',E' ',E'10151',E'Kuttler, Sebastian',E'13.03.1992',E' ',E'1',E' ',E'94649417',NULL,NULL,0,0,74,91,0,0,0,0,0,53,0,0,0,0,0,0,0,0,0,0,0,0,0,0,0,0,0,0,NULL,0,0,0,0,0,0,0,0),
      (393,2,3,4,E'34WT414524',E' ',E'10148',E'Kontschak, Tobias',E'13.05.1989',E' ',E'1',E' ',E'91442478',NULL,NULL,59,94,73,98,93,77,57,75,78,57,55,94,90,77,0,0,0,0,0,0,0,0,0,0,0,0,0,0,NULL,0,0,0,0,0,0,0,0),
      (392,6,3,4,E'34WT414524',E' ',E'10152',E'Szrés, Attila',E'06.02.1979',E' ',E'1',E' ',E'80618272',NULL,NULL,0,0,0,0,0,0,0,0,0,0,0,0,0,0,0,0,0,0,0,0,0,0,0,0,0,0,0,0,NULL,0,0,0,0,0,0,0,0),
      (390,1,3,4,E'34WT414524',E' ',E'10153',E'De Grandis, Jocelyn',E'23.11.1980',E' ',E'1',E' ',E'44072584',NULL,NULL,0,0,0,0,0,0,0,0,0,0,0,0,0,0,0,0,0,0,0,0,0,0,0,0,0,0,0,0,NULL,0,0,0,0,0,0,0,0),
      (479,5,3,4,E'34WT414524',E' ',E'10150',E'Odon, Astrid',E'29.10.1973',E' ',E'1',E' ',E'81737314',NULL,NULL,54,89,0,0,91,74,58,74,72,0,56,93,91,75,0,0,0,0,0,0,0,0,0,0,0,0,0,0,NULL,0,0,0,0,0,0,0,0),
      (614,3,3,4,E'34WT515228',E' ',E'10163',E'Ehmert, Ian',E'24.03.1998',E' ',E'1',E' ',E'86445348',NULL,NULL,94,94,74,94,93,72,74,0,0,0,0,0,0,0,0,0,0,0,0,0,0,0,0,0,0,0,0,0,NULL,0,0,0,0,0,0,0,0),
      (178,1,3,4,E'34WT515228',E' ',E'10159',E'Benz, Tobias',E'26.11.1998',E' ',E'1',E' ',E'99525317',NULL,NULL,96,94,74,98,96,78,75,75,95,94,97,59,91,95,0,0,0,0,0,0,0,0,0,0,0,0,0,0,NULL,0,0,0,0,0,0,0,0),
      (176,4,3,4,E'34WT515228',E' ',E'10161',E'Engler, Hansjörg',E'13.03.1959',E' ',E'1',E' ',E'61430786',NULL,NULL,0,0,0,0,0,0,0,0,0,0,0,0,0,0,0,0,0,0,0,0,0,0,0,0,0,0,0,0,NULL,0,0,0,0,0,0,0,0),
      (174,5,3,4,E'34WT515228',E' ',E'10162',E'Wurster, Martin',E'28.01.1963',E' ',E'1',E' ',E'65017877',NULL,NULL,93,93,74,93,91,74,74,73,93,92,92,58,93,90,0,0,0,0,0,0,0,0,0,0,0,0,0,0,NULL,0,0,0,0,0,0,0,0),
      (177,2,3,4,E'34WT515228',E' ',E'10160',E'Böckler, Dominic',E'16.12.1999',E' ',E'1',E' ',E'11503580',NULL,NULL,0,0,0,0,0,0,0,72,94,92,95,57,92,95,0,0,0,0,0,0,0,0,0,0,0,0,0,0,NULL,0,0,0,0,0,0,0,0),
      (48,4,3,4,E'34WT515412',E' ',E'10133',E'Wielandt, Timo',E'07.10.1990',E' ',E'1',E' ',E'91896623',NULL,NULL,0,0,0,0,0,0,0,94,75,95,56,58,95,58,0,0,0,0,0,0,0,0,0,0,0,0,0,0,NULL,0,0,0,0,0,0,0,0),
      (787,9,3,4,E'34WT515412',E' ',E'10178',E'Stahl, Marcel',E' ',E' ',E'1',E' ',E' ',NULL,NULL,90,91,93,55,69,0,53,0,0,0,0,0,0,0,0,0,0,0,0,0,0,0,0,0,0,0,0,0,NULL,0,0,0,0,0,0,0,0),
      (51,6,3,4,E'34WT515412',E' ',E'10134',E'Blisch, Lars',E'18.02.1980',E' ',E'1',E' ',E'81075269',NULL,NULL,91,94,94,48,0,94,56,0,0,0,0,0,0,0,0,0,0,0,0,0,0,0,0,0,0,0,0,0,NULL,0,0,0,0,0,0,0,0),
      (785,7,3,4,E'34WT515412',E' ',E'10214',E'Frank, Nico',E'11.06.1997',E' ',E'1',E' ',E'98294291',NULL,NULL,97,97,93,55,73,97,57,90,75,93,54,53,0,0,0,0,0,0,0,0,0,0,0,0,0,0,0,0,NULL,0,0,0,0,0,0,0,0),
      (786,8,3,4,E'34WT515412',E' ',E'10176',E'Pfeil, Michael',E' ',E' ',E'1',E' ',E' ',NULL,NULL,0,0,0,0,73,91,0,0,0,0,0,0,0,0,0,0,0,0,0,0,0,0,0,0,0,0,0,0,NULL,0,0,0,0,0,0,0,0),
      (44,1,3,4,E'34WT515412',E' ',E'10135',E'Maier, Klaus',E'28.07.1965',E' ',E'1',E' ',E'66490918',NULL,NULL,0,0,0,0,0,0,0,0,0,0,0,0,93,56,0,0,0,0,0,0,0,0,0,0,0,0,0,0,NULL,0,0,0,0,0,0,0,0),
      (45,2,3,4,E'34WT515412',E' ',E'10130',E'Schüller, Ottmar',E'23.03.1957',E' ',E'1',E' ',E'59455978',NULL,NULL,0,0,0,0,0,0,0,0,0,0,0,0,0,0,0,0,0,0,0,0,0,0,0,0,0,0,0,0,NULL,0,0,0,0,0,0,0,0),
      (47,3,3,4,E'34WT515412',E' ',E'10132',E'Escher, Gerhard',E'17.11.1964',E' ',E'1',E' ',E'66075169',NULL,NULL,0,0,0,0,0,0,0,93,75,94,58,55,95,55,0,0,0,0,0,0,0,0,0,0,0,0,0,0,NULL,0,0,0,0,0,0,0,0),
      (46,5,3,4,E'34WT515412',E' ',E'10131',E'Strickrodt, Axel',E'16.01.1973',E' ',E'1',E' ',E'23770976',NULL,NULL,0,0,0,0,0,0,0,0,0,0,0,0,0,0,0,0,0,0,0,0,0,0,0,0,0,0,0,0,NULL,0,0,0,0,0,0,0,0),
      (771,6,3,4,E'34WT515603',E' ',E'10129',E'Höß, Willi',E'30.04.1942',E' ',E'1',E' ',E'43463921 ',NULL,NULL,0,0,0,0,0,0,0,0,0,0,0,0,0,0,0,0,0,0,0,0,0,0,0,0,0,0,0,0,NULL,0,0,0,0,0,0,0,0),
      (385,4,3,4,E'34WT515603',E' ',E'10126',E'Reichert, Lukas',E'28.07.1996',E' ',E'1',E' ',E'98064586',NULL,NULL,92,76,77,89,0,0,0,94,56,92,96,0,74,0,0,0,0,0,0,0,0,0,0,0,0,0,0,0,NULL,0,0,0,0,0,0,0,0),
      (383,1,3,4,E'34WT515603',E' ',E'10124',E'Schallenmüller, Achim',E'30.11.1968',E' ',E'1',E' ',E'71653622',NULL,NULL,96,75,76,94,92,97,55,0,0,93,95,96,73,76,0,0,0,0,0,0,0,0,0,0,0,0,0,0,NULL,0,0,0,0,0,0,0,0),
      (386,3,3,4,E'34WT515603',E' ',E'10127',E'Weese, Christof',E'13.08.1979',E' ',E'1',E' ',E'81074095',NULL,NULL,92,79,76,95,95,92,53,90,56,0,0,90,74,71,0,0,0,0,0,0,0,0,0,0,0,0,0,0,NULL,0,0,0,0,0,0,0,0),
      (387,5,3,4,E'34WT515603',E' ',E'10128',E'Müller, Christian',E'11.11.1976',E' ',E'1',E' ',E'78736627',NULL,NULL,0,0,0,0,90,94,56,0,0,0,0,0,0,0,0,0,0,0,0,0,0,0,0,0,0,0,0,0,NULL,0,0,0,0,0,0,0,0),
      (384,2,3,4,E'34WT515603',E' ',E'10125',E'Tassinari, Bruno',E'25.11.1974',E' ',E'1',E' ',E'76319812',NULL,NULL,0,0,0,0,0,0,0,96,60,96,93,92,0,76,0,0,0,0,0,0,0,0,0,0,0,0,0,0,NULL,0,0,0,0,0,0,0,0),
      (71,3,3,4,E'34WT616205',E' ',E'10140',E'Grötzinger, Patrick',E'23.06.1991',E' ',E'1',E' ',E'94154216',NULL,NULL,0,0,0,0,0,0,0,0,0,0,0,0,0,0,0,0,0,0,0,0,0,0,0,0,0,0,0,0,NULL,0,0,0,0,0,0,0,0),
      (72,2,3,4,E'34WT616205',E' ',E'10139',E'Rahm, Markus',E'05.02.1986',E' ',E'1',E' ',E'26738514',NULL,NULL,0,0,0,0,0,0,0,0,0,0,0,0,0,0,0,0,0,0,0,0,0,0,0,0,0,0,0,0,NULL,0,0,0,0,0,0,0,0),
      (396,4,3,4,E'34WT616205',E' ',E'10136',E'Schmid, Jürgen',E'14.05.1962',E' ',E'1',E' ',E'64027692',NULL,NULL,0,0,0,0,0,0,0,0,0,0,0,0,0,0,0,0,0,0,0,0,0,0,0,0,0,0,0,0,NULL,0,0,0,0,0,0,0,0),
      (73,5,3,4,E'34WT616205',E' ',E'10138',E'Wienecke, Christoph',E'12.02.1969',E' ',E'1',E' ',E'71882193',NULL,NULL,56,92,92,92,93,93,70,93,56,58,75,58,95,56,0,0,0,0,0,0,0,0,0,0,0,0,0,0,NULL,0,0,0,0,0,0,0,0),
      (76,7,3,4,E'34WT616205',E' ',E'10137',E'Schatz, Jürgen',E'29.09.1949',E' ',E'1',E' ',E'51081583',NULL,NULL,0,0,0,0,0,0,0,0,0,0,0,0,0,0,0,0,0,0,0,0,0,0,0,0,0,0,0,0,NULL,0,0,0,0,0,0,0,0),
      (77,1,3,4,E'34WT616205',E' ',E'10142',E'Bleibel, Holger',E'14.10.1978',E' ',E'1',E' ',E'80071582',NULL,NULL,53,88,92,90,92,93,72,91,55,48,59,49,87,52,0,0,0,0,0,0,0,0,0,0,0,0,0,0,NULL,0,0,0,0,0,0,0,0),
      (70,6,3,4,E'34WT616205',E' ',E'10141',E'Grötzinger, Gerlinde',E'16.03.1967',E' ',E'1',E' ',E'69400591',NULL,NULL,52,90,90,94,91,91,74,89,52,53,75,53,94,56,0,0,0,0,0,0,0,0,0,0,0,0,0,0,NULL,0,0,0,0,0,0,0,0),
      (193,1,3,4,E'34WT717101',E' ',E'10147',E'Dehmel, Harald',E'28.03.1967',E' ',E'1',E' ',E'68789531',NULL,NULL,75,96,92,93,75,77,55,91,91,71,73,92,74,94,0,0,0,0,0,0,0,0,0,0,0,0,0,0,NULL,0,0,0,0,0,0,0,0),
      (188,2,3,4,E'34WT717101',E' ',E'10143',E'Drebenstedt, Erich',E'09.04.1950',E' ',E'1',E' ',E'52646729',NULL,NULL,74,93,91,90,76,72,56,91,80,72,74,93,75,94,0,0,0,0,0,0,0,0,0,0,0,0,0,0,NULL,0,0,0,0,0,0,0,0),
      (192,4,3,4,E'34WT717101',E' ',E'10144',E'Golms, Thomas',E'05.06.1987',E' ',E'1',E' ',E'88667686',NULL,NULL,0,0,0,0,0,0,0,0,0,0,0,0,0,0,0,0,0,0,0,0,0,0,0,0,0,0,0,0,NULL,0,0,0,0,0,0,0,0),
      (189,5,3,4,E'34WT717101',E' ',E'10146',E'Miehle, Alexander',E'25.01.1985',E' ',E'1',E' ',E'87390776',NULL,NULL,0,0,0,0,0,0,0,0,0,0,0,0,0,0,0,0,0,0,0,0,0,0,0,0,0,0,0,0,NULL,0,0,0,0,0,0,0,0),
      (190,3,3,4,E'34WT717101',E' ',E'10145',E'Wenger, Albert',E'29.10.1959',E' ',E'1',E' ',E'60883700',NULL,NULL,75,94,95,96,74,76,58,92,93,76,75,96,78,92,0,0,0,0,0,0,0,0,0,0,0,0,0,0,NULL,0,0,0,0,0,0,0,0),
      (186,3,3,4,E'34WT717725',E' ',E'10155',E'Simon, Wolfgang',E'09.05.1960',E' ',E'1',E' ',E'62026375',NULL,NULL,90,91,0,0,0,0,0,95,75,74,92,57,92,96,0,0,0,0,0,0,0,0,0,0,0,0,0,0,NULL,0,0,0,0,0,0,0,0),
      (182,2,3,4,E'34WT717725',E' ',E'10157',E'Möller, Matthias',E'28.04.1985',E' ',E'1',E' ',E'87444779',NULL,NULL,94,95,93,94,92,77,94,95,74,76,96,57,94,94,0,0,0,0,0,0,0,0,0,0,0,0,0,0,NULL,0,0,0,0,0,0,0,0),
      (187,4,3,4,E'34WT717725',E' ',E'10156',E'Ruiß, Uli',E'26.10.1957',E' ',E'1',E' ',E'58703571',NULL,NULL,0,0,91,89,94,75,89,0,0,0,0,0,0,0,0,0,0,0,0,0,0,0,0,0,0,0,0,0,NULL,0,0,0,0,0,0,0,0),
      (244,5,3,4,E'34WT717725',E' ',E'10158',E'Mecklenburg, Klaus',E'14.11.1962',E' ',E'1',E' ',E'64745105',NULL,NULL,0,0,0,0,0,0,0,0,0,0,0,0,0,0,0,0,0,0,0,0,0,0,0,0,0,0,0,0,NULL,0,0,0,0,0,0,0,0),
      (180,1,3,4,E'34WT717725',E' ',E'10154',E'Hirninger, Steffen',E'25.02.1991',E' ',E'1',E' ',E'93635103',NULL,NULL,94,94,95,95,95,78,95,92,72,74,91,55,96,91,0,0,0,0,0,0,0,0,0,0,0,0,0,0,NULL,0,0,0,0,0,0,0,0),
      (766,3,3,5,E'35WT111111',E' ',E'10173',E'Hahnwald, Daniel',E'10.04.1981',E' ',E'1',E' ',E'83198826',NULL,NULL,0,0,0,0,0,0,0,56,55,91,93,89,90,92,0,0,0,0,0,0,0,0,0,0,0,0,0,0,NULL,0,0,0,0,0,0,0,0),
      (465,2,3,5,E'35WT111111',E' ',E'10171',E'Pfeiffer, Katja',E'22.07.1970',E' ',E'1',E' ',E'72031088',NULL,NULL,0,0,0,0,0,0,0,54,54,89,90,90,89,89,0,0,0,0,0,0,0,0,0,0,0,0,0,0,NULL,0,0,0,0,0,0,0,0),
      (767,4,3,5,E'35WT111111',E' ',E'10172',E'Wakal, Martin',E'17.07.1981',E' ',E'1',E' ',E'82669993',NULL,NULL,0,0,0,0,0,0,0,53,57,90,95,92,93,94,0,0,0,0,0,0,0,0,0,0,0,0,0,0,NULL,0,0,0,0,0,0,0,0),
      (466,1,3,5,E'35WT111111',E' ',E'10170',E'Merbach, Pascal',E'20.10.1988',E' ',E'1',E' ',E'82205875',NULL,NULL,0,0,0,0,0,0,0,0,0,0,0,0,0,0,0,0,0,0,0,0,0,0,0,0,0,0,0,0,NULL,0,0,0,0,0,0,0,0),
      (783,4,3,5,E'35WT313342',E' ',E'10212',E'Frey, Tim',E'06.04.1998',E' ',E'1',E' ',E'98959488',NULL,NULL,0,49,87,0,54,0,89,0,0,0,0,0,85,85,0,0,0,0,0,0,0,0,0,0,0,0,0,0,NULL,0,0,0,0,0,0,0,0),
      (240,1,3,5,E'35WT313342',E' ',E'10197',E'Kielkopf, Rainer',E'05.02.1963',E' ',E'1',E' ',E'65207326',NULL,NULL,91,58,0,53,54,71,96,76,94,74,77,57,0,0,0,0,0,0,0,0,0,0,0,0,0,0,0,0,NULL,0,0,0,0,0,0,0,0),
      (91,2,3,5,E'35WT313342',E' ',E'10196',E'Frey, Achim',E'16.11.1969',E' ',E'1',E' ',E'70340570',NULL,NULL,86,0,88,53,54,71,0,71,93,70,70,54,94,81,0,0,0,0,0,0,0,0,0,0,0,0,0,0,NULL,0,0,0,0,0,0,0,0),
      (488,3,3,5,E'35WT313342',E' ',E'10195',E'Haas, Marianne',E'14.09.1984',E' ',E'1',E' ',E'67591795',NULL,NULL,88,54,89,52,0,70,88,75,94,73,71,55,92,90,0,0,0,0,0,0,0,0,0,0,0,0,0,0,NULL,0,0,0,0,0,0,0,0),
      (449,4,3,5,E'35WT323317',E' ',E'10190',E'Scharpf, Reinhold',E'19.09.1961',E' ',E'1',E' ',E'63481366',NULL,NULL,58,56,75,88,72,92,58,57,90,90,72,88,57,69,0,0,0,0,0,0,0,0,0,0,0,0,0,0,NULL,0,0,0,0,0,0,0,0),
      (448,3,3,5,E'35WT323317',E' ',E'10191',E'Meyer, Holger',E'19.09.1976',E' ',E'1',E' ',E'77689293',NULL,NULL,0,53,73,95,0,83,58,56,95,91,64,96,55,76,0,0,0,0,0,0,0,0,0,0,0,0,0,0,NULL,0,0,0,0,0,0,0,0),
      (450,5,3,5,E'35WT323317',E' ',E'10193',E'Maier, Gerhard',E'27.03.1955',E' ',E'1',E' ',E'73569595',NULL,NULL,56,0,75,0,73,89,0,0,0,88,0,0,0,0,0,0,0,0,0,0,0,0,0,0,0,0,0,0,NULL,0,0,0,0,0,0,0,0),
      (491,1,3,5,E'35WT323317',E' ',E'10194',E'Knoflicek, Selina',E'01.08.1998',E' ',E'1',E' ',E'10457988',NULL,NULL,0,0,0,0,0,0,0,0,0,0,0,0,0,0,0,0,0,0,0,0,0,0,0,0,0,0,0,0,NULL,0,0,0,0,0,0,0,0),
      (447,2,3,5,E'35WT323317',E' ',E'10192',E'Maier, Marco',E'06.02.1987',E' ',E'1',E' ',E'35621209',NULL,NULL,53,57,0,92,62,0,52,54,89,0,68,91,49,73,0,0,0,0,0,0,0,0,0,0,0,0,0,0,NULL,0,0,0,0,0,0,0,0),
      (629,4,3,5,E'35WT515115',E' ',E'10181',E'Kunsch, Paolo',E'24.08.2000',E' ',E'1',E' ',E'11679885',NULL,NULL,91,76,57,56,97,96,94,58,92,58,75,57,58,77,0,0,0,0,0,0,0,0,0,0,0,0,0,0,NULL,0,0,0,0,0,0,0,0),
      (626,1,3,5,E'35WT515115',E' ',E'10184',E'Walter, Christian',E'28.02.1993',E' ',E'1',E' ',E'95428172',NULL,NULL,0,0,0,0,0,0,0,56,97,57,77,58,56,75,0,0,0,0,0,0,0,0,0,0,0,0,0,0,NULL,0,0,0,0,0,0,0,0),
      (628,3,3,5,E'35WT515115',E' ',E'10180',E'Wenzl, Sarah',E'02.12.2000',E' ',E'1',E' ',E'11531303',NULL,NULL,94,68,56,57,92,88,91,0,0,0,0,0,0,0,0,0,0,0,0,0,0,0,0,0,0,0,0,0,NULL,0,0,0,0,0,0,0,0),
      (632,5,3,5,E'35WT515115',E' ',E'10182',E'Bulke, Daniel',E'30.07.1984',E' ',E'1',E' ',E'18373679',NULL,NULL,0,0,0,0,0,0,0,0,0,0,0,0,0,0,0,0,0,0,0,0,0,0,0,0,0,0,0,0,NULL,0,0,0,0,0,0,0,0),
      (633,6,3,5,E'35WT515115',E' ',E'10183',E'Hahn, Selina',E'02.03.1999',E' ',E'1',E' ',E'30438742',NULL,NULL,88,72,54,56,91,92,92,0,0,0,0,0,0,0,0,0,0,0,0,0,0,0,0,0,0,0,0,0,NULL,0,0,0,0,0,0,0,0),
      (627,2,3,5,E'35WT515115',E' ',E'10179',E'Wenzl, Jennifer',E'18.12.1997',E' ',E'1',E' ',E'99104693',NULL,NULL,0,0,0,0,0,0,0,56,91,56,74,56,57,73,0,0,0,0,0,0,0,0,0,0,0,0,0,0,NULL,0,0,0,0,0,0,0,0),
      (625,5,3,5,E'35WT525412',E' ',E'10174',E'Hansen, Gerd',E'01.10.1961',E' ',E'1',E' ',E'62504811',NULL,NULL,92,75,63,55,83,53,86,0,0,68,0,0,0,0,0,0,0,0,0,0,0,0,0,0,0,0,0,0,NULL,0,0,0,0,0,0,0,0),
      (621,1,3,5,E'35WT525412',E' ',E'10175',E'Maier, Kimberly',E'11.06.1998',E' ',E'1',E' ',E'10054493',NULL,NULL,0,0,0,0,0,0,0,0,0,0,0,0,0,0,0,0,0,0,0,0,0,0,0,0,0,0,0,0,NULL,0,0,0,0,0,0,0,0),
      (622,2,3,5,E'35WT525412',E' ',E'10176',E'Pfeil, Michael',E'23.06.1964',E' ',E'1',E' ',E'65817717',NULL,NULL,0,0,0,0,0,0,0,72,52,71,73,54,93,73,0,0,0,0,0,0,0,0,0,0,0,0,0,0,NULL,0,0,0,0,0,0,0,0),
      (623,4,3,5,E'35WT525412',E' ',E'10177',E'Söhnle, Thimo',E'12.09.1999',E' ',E'1',E' ',E'10881001',NULL,NULL,0,0,0,0,0,0,0,0,0,0,0,0,0,0,0,0,0,0,0,0,0,0,0,0,0,0,0,0,NULL,0,0,0,0,0,0,0,0),
      (624,3,3,5,E'35WT525412',E' ',E'10178',E'Stahl, Marcel',E'11.01.1989',E' ',E'1',E' ',E'90591686',NULL,NULL,0,0,0,0,0,0,0,77,53,74,75,53,93,75,0,0,0,0,0,0,0,0,0,0,0,0,0,0,NULL,0,0,0,0,0,0,0,0),
      (782,7,3,5,E'35WT525412',E' ',E'10131',E'Stickrodt, Axel',E' ',E' ',E'1',E' ',E' ',NULL,NULL,82,69,75,53,89,55,89,71,50,0,71,56,92,71,0,0,0,0,0,0,0,0,0,0,0,0,0,0,NULL,0,0,0,0,0,0,0,0),
      (781,6,3,5,E'35WT525412',E' ',E'10135',E'Maier, Klaus',E' ',E' ',E'1',E' ',E' ',NULL,NULL,93,79,75,56,94,56,92,0,0,0,0,0,0,0,0,0,0,0,0,0,0,0,0,0,0,0,0,0,NULL,0,0,0,0,0,0,0,0),
      (123,1,3,5,E'35WT535107',E' ',E'10203',E'Vietz, Erika',E'31.07.1968',E' ',E'1',E' ',E'69482200',NULL,NULL,0,0,0,0,0,0,0,75,81,0,70,0,82,0,0,0,0,0,0,0,0,0,0,0,0,0,0,0,NULL,0,0,0,0,0,0,0,0),
      (122,2,3,5,E'35WT535107',E' ',E'10204',E'Mayer, Michael',E'02.09.1964',E' ',E'1',E' ',E'65853805 ',NULL,NULL,55,0,82,0,94,75,0,0,0,0,0,0,0,0,0,0,0,0,0,0,0,0,0,0,0,0,0,0,NULL,0,0,0,0,0,0,0,0),
      (121,7,3,5,E'35WT535107',E' ',E'10202',E'Roth, Sebastian',E'11.02.2000',E' ',E'1',E' ',E'11997585',NULL,NULL,56,0,95,0,94,75,57,74,95,94,0,93,95,94,0,0,0,0,0,0,0,0,0,0,0,0,0,0,NULL,0,0,0,0,0,0,0,0),
      (441,3,3,5,E'35WT535107',E' ',E'10209',E'Gabler, Melanie',E'23.04.1984',E' ',E'1',E' ',E'85999688',NULL,NULL,0,0,0,0,0,0,0,0,0,0,0,0,0,0,0,0,0,0,0,0,0,0,0,0,0,0,0,0,NULL,0,0,0,0,0,0,0,0),
      (463,2,3,5,E'35WT717104',E' ',E'10188',E'Venohr, Gerd',E'27.03.1964',E' ',E'1',E'01.01.1975',E'65439328',NULL,NULL,0,71,73,92,95,77,0,52,74,57,75,55,95,92,0,0,0,0,0,0,0,0,0,0,0,0,0,0,NULL,0,0,0,0,0,0,0,0),
      (721,6,3,6,E'36WT111114',E' ',E' ',E'Schilling, Samira',E'09.06.1991',E' ',E'1',E'26.10.2016',E'79572124',NULL,NULL,0,0,0,0,0,0,0,0,0,0,0,0,0,0,0,0,0,0,0,0,0,0,0,0,0,0,0,0,NULL,0,0,0,0,0,0,0,0),
      (769,2,3,6,E'36WT111114',E' ',E' ',E'Packi, Christian',E'30.12.1987',E' ',E'1',E'25.12.2014',E'89306201',NULL,NULL,0,0,0,0,0,0,0,0,0,0,0,0,0,0,0,0,0,0,0,0,0,0,0,0,0,0,0,0,NULL,0,0,0,0,0,0,0,0),
      (720,5,3,6,E'36WT111114',E' ',E' ',E'Schulz, Kerstin',E'04.01.1990',E' ',E'1',E'19.05.2017',E'15616160',NULL,NULL,0,0,0,0,0,0,0,0,0,0,0,0,0,0,0,0,0,0,0,0,0,0,0,0,0,0,0,0,NULL,0,0,0,0,0,0,0,0),
      (719,4,3,6,E'36WT111114',E' ',E' ',E'Haas, Michael',E'10.08.1994',E' ',E'1',E'01.01.2006',E'63650892',NULL,NULL,0,0,0,0,0,0,0,0,0,0,0,0,0,0,0,0,0,0,0,0,0,0,0,0,0,0,0,0,NULL,0,0,0,0,0,0,0,0),
      (768,1,3,6,E'36WT111114',E' ',E' ',E'Wamsler, Christian',E'18.02.1990',E' ',E'1',E'07.09.2017',E'92648802',NULL,NULL,0,0,0,0,0,0,0,0,0,0,0,0,0,0,0,0,0,0,0,0,0,0,0,0,0,0,0,0,NULL,0,0,0,0,0,0,0,0),
      (770,8,3,6,E'36WT111114',E' ',E' ',E'Wakal, Martin',E'17.07.1981',E' ',E'1',E'01.09.2006',E'82669993',NULL,NULL,0,0,0,0,0,0,0,0,0,0,0,0,0,0,0,0,0,0,0,0,0,0,0,0,0,0,0,0,NULL,0,0,0,0,0,0,0,0),
      (722,7,3,6,E'36WT111114',E'VVV',E' ',E'Enderer, Nils',E'15.06.2001',E' ',E'1',E' ',E'12665787',NULL,NULL,0,0,0,0,0,0,0,0,0,0,0,0,0,0,0,0,0,0,0,0,0,0,0,0,0,0,0,0,NULL,0,0,0,0,0,0,0,0),
      (718,3,3,6,E'36WT111114',E' ',E' ',E'Nothdurft, Caroline',E'21.01.1993',E' ',E'1',E'25.08.2017',E'61908469',NULL,NULL,0,0,0,0,0,0,0,0,0,0,0,0,0,0,0,0,0,0,0,0,0,0,0,0,0,0,0,0,NULL,0,0,0,0,0,0,0,0),
      (103,5,3,6,E'36WT111304',E' ',E' ',E'Fichtel, Tim',E'18.11.1995',E' ',E'1',E' ',E'96527009',NULL,NULL,0,0,0,0,0,0,0,0,0,0,0,0,0,0,0,0,0,0,0,0,0,0,0,0,0,0,0,0,NULL,0,0,0,0,0,0,0,0),
      (109,2,3,6,E'36WT111304',E' ',E' ',E'Siennicki, Sonja',E'24.06.1980',E' ',E'1',E' ',E'16321064',NULL,NULL,0,0,0,0,0,0,0,0,0,0,0,0,0,0,0,0,0,0,0,0,0,0,0,0,0,0,0,0,NULL,0,0,0,0,0,0,0,0),
      (110,3,3,6,E'36WT111304',E' ',E' ',E'Malakos, Grigorios',E'30.11.1964',E' ',E'1',E' ',E'16124527',NULL,NULL,0,0,0,0,0,0,0,0,0,0,0,0,0,0,0,0,0,0,0,0,0,0,0,0,0,0,0,0,NULL,0,0,0,0,0,0,0,0),
      (733,1,3,6,E'36WT111304',E' ',E' ',E'Siennicki, Peter',E'08.11.1974',E' ',E'1',E' ',E'78830275',NULL,NULL,0,0,0,0,0,0,0,0,0,0,0,0,0,0,0,0,0,0,0,0,0,0,0,0,0,0,0,0,NULL,0,0,0,0,0,0,0,0),
      (727,4,3,6,E'36WT515306',E' ',E' ',E'Bennewitz, Maiko',E'15.03.1963',E' ',E'1',E' ',E'65325219',NULL,NULL,0,0,0,0,0,0,0,0,0,0,0,0,0,0,0,0,0,0,0,0,0,0,0,0,0,0,0,0,NULL,0,0,0,0,0,0,0,0),
      (729,6,3,6,E'36WT515306',E' ',E' ',E'Schnell, Daniel-Brian',E'25.05.2002',E' ',E'1',E' ',E'51704287',NULL,NULL,0,0,0,0,0,0,0,0,0,0,0,0,0,0,0,0,0,0,0,0,0,0,0,0,0,0,0,0,NULL,0,0,0,0,0,0,0,0),
      (730,7,3,6,E'36WT515306',E' ',E' ',E'Marosi, Albert',E'18.02.1980',E' ',E'1',E' ',E'86896064',NULL,NULL,0,0,0,0,0,0,0,0,0,0,0,0,0,0,0,0,0,0,0,0,0,0,0,0,0,0,0,0,NULL,0,0,0,0,0,0,0,0),
      (726,3,3,6,E'36WT515306',E' ',E' ',E'Berroth, Hans Jörg',E'20.12.1973',E' ',E'1',E' ',E'43174645',NULL,NULL,0,0,0,0,0,0,0,0,0,0,0,0,0,0,0,0,0,0,0,0,0,0,0,0,0,0,0,0,NULL,0,0,0,0,0,0,0,0),
      (442,6,3,5,E'35WT535107',E' ',E'10206',E'Leibacher, Jan',E'25.04.2002',E' ',E'1',E' ',E'35480090',NULL,NULL,0,55,0,52,0,0,50,0,0,0,73,86,89,0,0,0,0,0,0,0,0,0,0,0,0,0,0,0,NULL,0,0,0,0,0,0,0,0),
      (440,8,3,5,E'35WT535107',E' ',E'10205',E'Jaiser, Anne',E'20.03.2002',E' ',E'1',E' ',E'14655109',NULL,NULL,0,46,0,47,0,0,39,0,0,0,0,0,0,0,0,0,0,0,0,0,0,0,0,0,0,0,0,0,NULL,0,0,0,0,0,0,0,0),
      (637,4,3,5,E'35WT535107',E' ',E'10207',E'Schönitz, Rolf',E'02.06.1969',E' ',E'1',E' ',E'71066676',NULL,NULL,56,0,90,0,94,75,0,78,95,94,0,97,0,93,0,0,0,0,0,0,0,0,0,0,0,0,0,0,NULL,0,0,0,0,0,0,0,0),
      (636,5,3,5,E'35WT535107',E' ',E'10208',E'Leibacher, Maximilian',E'04.05.1975',E' ',E'1',E' ',E'78349076',NULL,NULL,0,53,0,42,0,0,0,0,0,91,65,0,0,89,0,0,0,0,0,0,0,0,0,0,0,0,0,0,NULL,0,0,0,0,0,0,0,0),
      (634,2,3,5,E'35WT616213',E' ',E'10198',E'Ade, Wolfgang',E'06.06.1962',E' ',E'1',E' ',E'57370279',NULL,NULL,0,0,0,0,0,0,0,0,0,0,0,0,0,0,0,0,0,0,0,0,0,0,0,0,0,0,0,0,NULL,0,0,0,0,0,0,0,0),
      (132,3,3,5,E'35WT616213',E' ',E'10201',E'Klauss, Alfred',E'09.08.1954',E' ',E'1',E' ',E'55856311',NULL,NULL,89,73,72,55,72,78,89,72,73,90,89,91,93,73,0,0,0,0,0,0,0,0,0,0,0,0,0,0,NULL,0,0,0,0,0,0,0,0),
      (129,4,3,5,E'35WT616213',E' ',E'10199',E'Graf, Lothar',E'29.12.1953',E' ',E'1',E' ',E'54533330',NULL,NULL,87,73,71,54,71,72,92,75,74,94,92,90,91,73,0,0,0,0,0,0,0,0,0,0,0,0,0,0,NULL,0,0,0,0,0,0,0,0),
      (127,1,3,5,E'35WT616213',E' ',E'10200',E'Hartmann, Timo',E'07.02.1978',E' ',E'1',E' ',E'79821028',NULL,NULL,90,73,73,56,74,77,91,70,74,91,97,91,93,71,0,0,0,0,0,0,0,0,0,0,0,0,0,0,NULL,0,0,0,0,0,0,0,0),
      (784,6,3,5,E'35WT717104',E' ',E' ',E'Hofmann, Harald',E'27.04.1946',E' ',E'1',E' ',E'47997995',NULL,NULL,51,72,0,93,91,0,55,56,71,54,71,55,91,90,0,0,0,0,0,0,0,0,0,0,0,0,0,0,NULL,0,0,0,0,0,0,0,0),
      (460,5,3,5,E'35WT717104',E' ',E'10186',E'Bodenmüller, Daniel',E'07.08.1983',E' ',E'1',E'19.08.2016',E'53444026',NULL,NULL,0,0,0,0,0,0,0,0,0,0,0,0,0,0,0,0,0,0,0,0,0,0,0,0,0,0,0,0,NULL,0,0,0,0,0,0,0,0),
      (461,3,3,5,E'35WT717104',E' ',E'10187',E'Rettig, Johannes',E'01.02.1999',E' ',E'1',E'01.02.1999',E'11210003',NULL,NULL,54,74,70,91,75,72,52,0,0,0,0,0,0,0,0,0,0,0,0,0,0,0,0,0,0,0,0,0,NULL,0,0,0,0,0,0,0,0),
      (462,1,3,5,E'35WT717104',E' ',E'10185',E'Venohr, Silvia',E'13.09.1968',E' ',E'1',E'13.09.1968',E'69881800',NULL,NULL,51,0,69,0,0,73,52,54,67,44,63,42,88,87,0,0,0,0,0,0,0,0,0,0,0,0,0,0,NULL,0,0,0,0,0,0,0,0),
      (568,4,3,5,E'35WT717104',E' ',E'10189',E'Simmendinger, Ralf',E'28.08.1960',E' ',E'1',E'01.03.2016',E'42796365',NULL,NULL,0,0,0,0,0,0,0,0,0,0,0,0,0,0,0,0,0,0,0,0,0,0,0,0,0,0,0,0,NULL,0,0,0,0,0,0,0,0),
      (635,6,3,6,E'36WT111304',E' ',E' ',E'Falk, Joachim',E'14.12.1966',E' ',E'1',E' ',E'67698875',NULL,NULL,0,0,0,0,0,0,0,0,0,0,0,0,0,0,0,0,0,0,0,0,0,0,0,0,0,0,0,0,NULL,0,0,0,0,0,0,0,0),
      (104,4,3,6,E'36WT111304',E' ',E' ',E'Fichtel, Emanuel',E'05.05.1962',E' ',E'1',E' ',E'64230502',NULL,NULL,0,0,0,0,0,0,0,0,0,0,0,0,0,0,0,0,0,0,0,0,0,0,0,0,0,0,0,0,NULL,0,0,0,0,0,0,0,0),
      (572,4,3,6,E'36WT424524',E' ',E' ',E'Lask, Ronald',E'08.08.1979',E' ',E'1',E' ',E'19213456',NULL,NULL,0,0,0,0,0,0,0,0,0,0,0,0,0,0,0,0,0,0,0,0,0,0,0,0,0,0,0,0,NULL,0,0,0,0,0,0,0,0),
      (640,1,3,6,E'36WT424524',E' ',E' ',E'Endlicher, Melanie',E'20.03.1981',E' ',E'1',E' ',E'83617117',NULL,NULL,0,0,0,0,0,0,0,0,0,0,0,0,0,0,0,0,0,0,0,0,0,0,0,0,0,0,0,0,NULL,0,0,0,0,0,0,0,0),
      (443,2,3,6,E'36WT424524',E' ',E' ',E'Heumesser, Susanne',E'03.02.1982',E' ',E'1',E' ',E'12991780',NULL,NULL,0,0,0,0,0,0,0,0,0,0,0,0,0,0,0,0,0,0,0,0,0,0,0,0,0,0,0,0,NULL,0,0,0,0,0,0,0,0),
      (477,5,3,6,E'36WT424524',E' ',E' ',E'Schach, Stefan',E'03.03.1983',E' ',E'1',E' ',E'84798525',NULL,NULL,0,0,0,0,0,0,0,0,0,0,0,0,0,0,0,0,0,0,0,0,0,0,0,0,0,0,0,0,NULL,0,0,0,0,0,0,0,0),
      (364,6,3,6,E'36WT424524',E' ',E' ',E'Oden, Thomas',E'25.04.1975',E' ',E'1',E' ',E'76460006',NULL,NULL,0,0,0,0,0,0,0,0,0,0,0,0,0,0,0,0,0,0,0,0,0,0,0,0,0,0,0,0,NULL,0,0,0,0,0,0,0,0),
      (574,3,3,6,E'36WT424524',E' ',E' ',E'Kern, Katrin',E'20.01.1979',E' ',E'1',E' ',E'12336851',NULL,NULL,0,0,0,0,0,0,0,0,0,0,0,0,0,0,0,0,0,0,0,0,0,0,0,0,0,0,0,0,NULL,0,0,0,0,0,0,0,0),
      (728,5,3,6,E'36WT515306',E' ',E' ',E'Schnell, Manfred',E'13.05.1960',E' ',E'1',E' ',E'62216204',NULL,NULL,0,0,0,0,0,0,0,0,0,0,0,0,0,0,0,0,0,0,0,0,0,0,0,0,0,0,0,0,NULL,0,0,0,0,0,0,0,0),
      (731,8,3,6,E'36WT515306',E' ',E' ',E'Schneider, Timo',E'11.03.1966',E' ',E'1',E' ',E'68018886',NULL,NULL,0,0,0,0,0,0,0,0,0,0,0,0,0,0,0,0,0,0,0,0,0,0,0,0,0,0,0,0,NULL,0,0,0,0,0,0,0,0),
      (724,1,3,6,E'36WT515306',E' ',E' ',E'Möller, Torsten',E'31.12.1965',E' ',E'1',E'26.02.2017',E'67342721',NULL,NULL,0,0,0,0,0,0,0,0,0,0,0,0,0,0,0,0,0,0,0,0,0,0,0,0,0,0,0,0,NULL,0,0,0,0,0,0,0,0),
      (732,9,3,6,E'36WT515306',E' ',E' ',E'Jung, Stefan',E'09.01.1964',E' ',E'1',E' ',E'65418929',NULL,NULL,0,0,0,0,0,0,0,0,0,0,0,0,0,0,0,0,0,0,0,0,0,0,0,0,0,0,0,0,NULL,0,0,0,0,0,0,0,0),
      (725,2,3,6,E'36WT515306',E'MMM',E' ',E'Möller, Vivianne',E'28.03.2003',E' ',E'1',E'05.09.2017',E'15228226',NULL,NULL,0,0,0,0,0,0,0,0,0,0,0,0,0,0,0,0,0,0,0,0,0,0,0,0,0,0,0,0,NULL,0,0,0,0,0,0,0,0);



DROP TABLE IF EXISTS "Seriendruck";

CREATE TABLE "Seriendruck" (
    "SDAnrede" TEXT,
    "SDName" TEXT,
    "SDVorname" TEXT,
    "SDStraße" TEXT,
    "SDOrt" TEXT,
    "SDVerein" TEXT,
    "SDWaffe" TEXT,
    "SDRegion" TEXT,
    "SDVNR" TEXT,
    "SDFaxvorwahl" TEXT,
    "SDFax" TEXT,
    "SDEmail" TEXT,
    "SDPlatz" TEXT
);




DROP TABLE IF EXISTS "sonstiges";

CREATE TABLE "sonstiges" (
    "Waffe" TEXT,
    "Region" TEXT,
    "Wettkampf" TEXT,
    "VNR" TEXT,
    "Durchgang" TEXT,
    "Ringe" TEXT,
    "Pluspunkte" TEXT,
    "Minuspunkte" TEXT
);

INSERT INTO "sonstiges"("Waffe","Region","Wettkampf","VNR","Durchgang","Ringe","Pluspunkte","Minuspunkte")
VALUES(E'1',NULL,NULL,NULL,NULL,NULL,NULL,NULL);



DROP TABLE IF EXISTS "Tabelle";

CREATE TABLE "Tabelle" (
    "Waffe" DOUBLE PRECISION,
    "Region" DOUBLE PRECISION,
    "Wettkampf" DOUBLE PRECISION,
    "Durchgang" DOUBLE PRECISION,
    "VNR" TEXT,
    "Verein" TEXT,
    "Ringe" DOUBLE PRECISION,
    "Pluspunkte" DOUBLE PRECISION,
    "Minuspunkte" DOUBLE PRECISION,
    "Vorteil" INTEGER,
    "satzplus" INTEGER,
    "satzminus" INTEGER
);

INSERT INTO "Tabelle"("Waffe","Region","Wettkampf","Durchgang","VNR","Verein","Ringe","Pluspunkte","Minuspunkte","Vorteil","satzplus","satzminus")
VALUES(3,2,0,0,E'32WT525228',E'BSC Schömberg 1',0,27,1,0,88,20),
      (3,2,0,0,E'32WT535623',E'SGi Welzheim 3',0,19,9,0,73,51),
      (3,2,0,0,E'32WT525401',E'SGi Ditzingen 2',0,18,10,1,69,55),
      (3,2,0,0,E'32WT111230',E'NBAV Neuenstadt',0,18,10,0,68,54),
      (3,2,0,0,E'32WT313317',E'BSC Geislingen-Steige',0,15,13,0,64,52),
      (3,2,0,0,E'32WT111316',E'BoAbt MTV Ludwigsburg',0,7,21,0,40,70),
      (3,2,0,0,E'32WT313207',E'SGes Heidenheim',0,6,22,0,39,75),
      (3,2,0,0,E'32WT515211',E'SF Gechingen',0,2,26,0,19,83),
      (3,2,3,1,E'32WT525228',E'BSC Schömberg 1',0,2,0,0,6,0),
      (3,2,3,2,E'32WT525228',E'BSC Schömberg 1',0,2,0,0,6,4),
      (3,2,3,3,E'32WT525228',E'BSC Schömberg 1',0,2,0,0,6,0),
      (3,2,3,4,E'32WT525228',E'BSC Schömberg 1',0,2,0,0,6,2),
      (3,2,3,5,E'32WT525228',E'BSC Schömberg 1',0,2,0,0,7,3),
      (3,2,3,6,E'32WT525228',E'BSC Schömberg 1',0,2,0,0,6,4),
      (3,2,3,7,E'32WT525228',E'BSC Schömberg 1',0,0,2,0,2,6),
      (3,2,3,1,E'32WT535623',E'SGi Welzheim 3',0,0,2,0,4,6),
      (3,2,3,2,E'32WT535623',E'SGi Welzheim 3',0,0,2,0,4,6),
      (3,2,3,3,E'32WT535623',E'SGi Welzheim 3',0,0,2,0,3,7),
      (3,2,3,4,E'32WT535623',E'SGi Welzheim 3',0,2,0,0,6,0),
      (3,2,3,5,E'32WT535623',E'SGi Welzheim 3',0,0,2,0,4,6),
      (3,2,3,6,E'32WT535623',E'SGi Welzheim 3',0,1,1,0,5,5),
      (3,2,3,7,E'32WT535623',E'SGi Welzheim 3',0,2,0,0,6,2),
      (3,2,3,1,E'32WT525401',E'SGi Ditzingen 2',0,2,0,0,6,4),
      (3,2,3,2,E'32WT525401',E'SGi Ditzingen 2',0,0,2,0,2,6),
      (3,2,3,3,E'32WT525401',E'SGi Ditzingen 2',0,2,0,0,6,0),
      (3,2,3,4,E'32WT525401',E'SGi Ditzingen 2',0,2,0,0,6,0),
      (3,2,3,5,E'32WT525401',E'SGi Ditzingen 2',0,2,0,0,6,4),
      (3,2,3,6,E'32WT525401',E'SGi Ditzingen 2',0,0,2,0,4,6),
      (3,2,3,7,E'32WT525401',E'SGi Ditzingen 2',0,0,2,0,2,6),
      (3,2,3,1,E'32WT111230',E'NBAV Neuenstadt',0,0,2,0,2,6),
      (3,2,3,2,E'32WT111230',E'NBAV Neuenstadt',0,2,0,0,6,0),
      (3,2,3,3,E'32WT111230',E'NBAV Neuenstadt',0,0,2,0,3,7),
      (3,2,3,4,E'32WT111230',E'NBAV Neuenstadt',0,2,0,0,6,0),
      (3,2,3,5,E'32WT111230',E'NBAV Neuenstadt',0,0,2,0,3,7),
      (3,2,3,6,E'32WT111230',E'NBAV Neuenstadt',0,1,1,0,5,5),
      (3,2,3,7,E'32WT111230',E'NBAV Neuenstadt',0,2,0,0,6,2),
      (3,2,3,1,E'32WT313317',E'BSC Geislingen-Steige',0,2,0,0,6,2),
      (3,2,3,2,E'32WT313317',E'BSC Geislingen-Steige',0,2,0,0,6,2),
      (3,2,3,3,E'32WT313317',E'BSC Geislingen-Steige',0,2,0,0,7,3),
      (3,2,3,4,E'32WT313317',E'BSC Geislingen-Steige',0,0,2,0,2,6),
      (3,2,3,5,E'32WT313317',E'BSC Geislingen-Steige',0,2,0,0,6,0),
      (3,2,3,6,E'32WT313317',E'BSC Geislingen-Steige',0,2,0,0,6,2),
      (3,2,3,7,E'32WT313317',E'BSC Geislingen-Steige',0,0,2,0,0,6),
      (3,2,3,1,E'32WT111316',E'BoAbt MTV Ludwigsburg',0,0,2,0,4,6),
      (3,2,3,2,E'32WT111316',E'BoAbt MTV Ludwigsburg',0,2,0,0,6,4),
      (3,2,3,3,E'32WT111316',E'BoAbt MTV Ludwigsburg',0,0,2,0,0,6),
      (3,2,3,4,E'32WT111316',E'BoAbt MTV Ludwigsburg',0,0,2,0,0,6),
      (3,2,3,5,E'32WT111316',E'BoAbt MTV Ludwigsburg',0,2,0,0,6,2),
      (3,2,3,6,E'32WT111316',E'BoAbt MTV Ludwigsburg',0,2,0,0,6,2),
      (3,2,3,7,E'32WT111316',E'BoAbt MTV Ludwigsburg',0,2,0,0,6,0),
      (3,2,3,1,E'32WT313207',E'SGes Heidenheim',0,2,0,0,6,4),
      (3,2,3,2,E'32WT313207',E'SGes Heidenheim',0,0,2,0,4,6),
      (3,2,3,3,E'32WT313207',E'SGes Heidenheim',0,2,0,0,7,3),
      (3,2,3,4,E'32WT313207',E'SGes Heidenheim',0,0,2,0,0,6),
      (3,2,3,5,E'32WT313207',E'SGes Heidenheim',0,0,2,0,2,6),
      (3,2,3,6,E'32WT313207',E'SGes Heidenheim',0,0,2,0,2,6),
      (3,2,3,7,E'32WT313207',E'SGes Heidenheim',0,2,0,0,6,2),
      (3,2,3,1,E'32WT515211',E'SF Gechingen',0,0,2,0,0,6),
      (3,2,3,2,E'32WT515211',E'SF Gechingen',0,0,2,0,0,6),
      (3,2,3,3,E'32WT515211',E'SF Gechingen',0,0,2,0,0,6),
      (3,2,3,4,E'32WT515211',E'SF Gechingen',0,0,2,0,0,6),
      (3,2,3,5,E'32WT515211',E'SF Gechingen',0,0,2,0,0,6),
      (3,2,3,6,E'32WT515211',E'SF Gechingen',0,0,2,0,2,6),
      (3,2,3,7,E'32WT515211',E'SF Gechingen',0,0,2,0,2,6);



DROP TABLE IF EXISTS "tabellenziffer";

CREATE TABLE "tabellenziffer" (
    "ID" INTEGER PRIMARY KEY,
    "tabellenanfang" INTEGER
);

INSERT INTO "tabellenziffer"("ID","tabellenanfang")
VALUES(1,1);



DROP TABLE IF EXISTS "Vereine";

CREATE TABLE "Vereine" (
    "vnr" TEXT,
    "Verein" TEXT,
    "Landesverband" TEXT,
    "Homepageadresse" TEXT
);

INSERT INTO "Vereine"("vnr","Verein","Landesverband","Homepageadresse")
VALUES(E'31WT111324',E'SV Schwieberdingen',E'WT',E' '),
      (E'31WT313203',E'SGes Gerstetten',E'WT',E' '),
      (E'31WT414202',E'SGes Bempflingen',E'WT',E' '),
      (E'31WT515107',E'BC Magstadt 1',E'WT',E' '),
      (E'31WT515506',E'BSC Stuttgart',E'WT',E' '),
      (E'31WT717205',E'SSV Ehingen',E'WT',E' '),
      (E'31WT717304',E'SV Kirchberg-Iller',E'WT',E' '),
      (E'31WT717601',E'SV Brochenzell',E'WT',E' '),
      (E'32WT111230',E'NBAV Neuenstadt',E'WT',E' '),
      (E'32WT111316',E'BoAbt MTV Ludwigsburg',E'WT',E' '),
      (E'32WT313207',E'SGes Heidenheim',E'WT',E' '),
      (E'32WT313317',E'BSC Geislingen-Steige',E'WT',E' '),
      (E'32WT515211',E'SF Gechingen',E'WT',E' '),
      (E'32WT525228',E'BSC Schömberg 1',E'WT',E' '),
      (E'32WT525401',E'SGi Ditzingen 2',E'WT',E' '),
      (E'32WT535623',E'SGi Welzheim 3',E'WT',E' '),
      (E'33WT414418',E'SV Weilheim-Teck 1',E'WT',E' '),
      (E'33WT414516',E'SGes Seebronn',E'WT',E' '),
      (E'33WT424108',E'BoAbt PSV Reutlingen 2',E'WT',E' '),
      (E'33WT434424',E'BS Nürtingen 2',E'WT',E' '),
      (E'33WT434524',E'BWT Kirchentellinsfurt',E'WT',E' '),
      (E'33WT616315',E'SV Waldmössingen',E'WT',E' '),
      (E'33WT616516',E'SSV Hechingen',E'WT',E' '),
      (E'33WT717504',E'SGi Dürmentingen',E'WT',E' '),
      (E'34WT414424',E'BS Nürtingen',E'WT',E' '),
      (E'34WT414524',E'BWT Kirchentellinsfurt 1',E'WT',E' '),
      (E'34WT515228',E'BSC Schömberg',E'WT',E' '),
      (E'34WT515412',E'SV Wimsheim',E'WT',E' '),
      (E'34WT515603',E'SVgg Endersb.-Strümpf.',E'WT',E' '),
      (E'34WT616205',E'SV Dornhan',E'WT',E' '),
      (E'34WT717101',E'SGi Bad Schussenried',E'WT',E' '),
      (E'34WT717725',E'BSV Ulm',E'WT',E' '),
      (E'35WT111111',E'TV Murrhardt',E'WT',E' '),
      (E'35WT313342',E'BSC Eschenbach',E'WT',E' '),
      (E'35WT323317',E'BSC Geislingen',E'WT',E' '),
      (E'35WT515115',E'SV Weil im Schönbuch',E'WT',E' '),
      (E'35WT525412',E'SV Wimsheim 2',E'WT',E' '),
      (E'35WT535107',E'BC Magstadt',E'WT',E' '),
      (E'35WT616213',E'BS Mühlen',E'WT',E' '),
      (E'35WT717104',E'SV Essendorf',E'WT',E' '),
      (E'36WT111114',E'SV Sulzbach',E'WT',E' '),
      (E'36WT111304',E'SV Bissingen-Enz',E'WT',E' '),
      (E'36WT424524',E'BWT Kirchentellinsfurt 2',E'WT',E' '),
      (E'36WT515306',E'SG Esslingen',E'WT',E' '),
      (E'36WT919999',E'fehlender Verein 1',E'WT',E' '),
      (E'36WT929999',E'fehlender Verein 2',E'WT',E' '),
      (E'36WT939999',E'fehlender Verein 3',E'WT',E' '),
      (E'36WT949999',E'fehlender Verein 4',E'WT',E' ');



DROP TABLE IF EXISTS "Waffenarten";

CREATE TABLE "Waffenarten" (
    "Waffenart" INTEGER PRIMARY KEY,
    "Wart" INTEGER,
    "Waffe" TEXT,
    "Wkwoche" INTEGER
);

INSERT INTO "Waffenarten"("Waffenart","Wart","Waffe","Wkwoche")
VALUES(1,1,E'Luftgewehr',1),
      (2,2,E'Luftpistole',1),
      (3,3,E'Bogen Ligawettkampf',0),
      (4,4,E'Aufstiegswettkampf',0);



DROP TABLE IF EXISTS "Wettkampfplankurz";

CREATE TABLE "Wettkampfplankurz" (
    "WKPLzähler" INTEGER PRIMARY KEY,
    "PlWaffenart" INTEGER,
    "Plwettkampfklasse" INTEGER,
    "Pldurchgang" INTEGER,
    "Wettkampf" INTEGER,
    "Plheim" INTEGER,
    "PlHVNR" TEXT,
    "Heimergebnis" DOUBLE PRECISION,
    "Heimplupkt" DOUBLE PRECISION,
    "Heimminuspkt" DOUBLE PRECISION,
    "PlHVerein" TEXT,
    "Heimvorteil" DOUBLE PRECISION,
    "PLUhrzeit" TEXT,
    "PlwkTag" TIMESTAMP,
    "Plgegner" INTEGER,
    "PLGVNR" TEXT,
    "PLGVerein" TEXT,
    "Gegnerergebnis" DOUBLE PRECISION,
    "Gegnerplupkt" DOUBLE PRECISION,
    "Gegnerminuspkt" DOUBLE PRECISION,
    "Gegnervorteil" DOUBLE PRECISION,
    "HS1" INTEGER,
    "HS2" INTEGER,
    "HS3" INTEGER,
    "HS4" INTEGER,
    "HS5" INTEGER,
    "GS1" INTEGER,
    "GS2" INTEGER,
    "GS3" INTEGER,
    "GS4" INTEGER,
    "GS5" INTEGER
);

INSERT INTO "Wettkampfplankurz"("WKPLzähler","PlWaffenart","Plwettkampfklasse","Pldurchgang","Wettkampf","Plheim","PlHVNR","Heimergebnis","Heimplupkt","Heimminuspkt","PlHVerein","Heimvorteil","PLUhrzeit","PlwkTag","Plgegner","PLGVNR","PLGVerein","Gegnerergebnis","Gegnerplupkt","Gegnerminuspkt","Gegnervorteil","HS1","HS2","HS3","HS4","HS5","GS1","GS2","GS3","GS4","GS5")
VALUES(2420,3,2,1,3,5,E'32WT313317',6,2,0,E'BSC Geislingen-Steige',0,E'01',NULL,4,E'32WT111230',E'NBAV Neuenstadt',2,0,2,0,53,55,55,56,0,55,54,50,53,0),
      (2421,3,2,1,3,2,E'32WT535623',4,0,2,E'SGi Welzheim 3',0,E'02',NULL,7,E'32WT313207',E'SGes Heidenheim',6,2,0,0,49,53,51,52,47,46,55,53,51,53),
      (2422,3,2,1,3,1,E'32WT525228',6,2,0,E'BSC Schömberg 1',0,E'03',NULL,8,E'32WT515211',E'SF Gechingen',0,0,2,0,56,57,56,0,0,51,45,55,0,0),
      (2423,3,2,1,3,3,E'32WT525401',6,2,0,E'SGi Ditzingen 2',0,E'04',NULL,6,E'32WT111316',E'BoAbt MTV Ludwigsburg',4,0,2,0,53,53,50,56,52,47,55,50,54,52),
      (2424,3,2,2,3,3,E'32WT525401',2,0,2,E'SGi Ditzingen 2',0,E'05',NULL,5,E'32WT313317',E'BSC Geislingen-Steige',6,2,0,0,42,54,54,52,0,54,52,56,54,0),
      (2425,3,2,2,3,8,E'32WT515211',0,0,2,E'SF Gechingen',0,E'06',NULL,4,E'32WT111230',E'NBAV Neuenstadt',6,2,0,0,32,41,48,0,0,45,54,54,0,0),
      (2426,3,2,2,3,7,E'32WT313207',4,0,2,E'SGes Heidenheim',0,E'07',NULL,1,E'32WT525228',E'BSC Schömberg 1',6,2,0,0,52,55,55,53,52,55,54,55,53,55),
      (2427,3,2,2,3,6,E'32WT111316',6,2,0,E'BoAbt MTV Ludwigsburg',0,E'08',NULL,2,E'32WT535623',E'SGi Welzheim 3',4,0,2,0,51,49,54,57,58,52,53,49,53,53),
      (2428,3,2,3,3,4,E'32WT111230',3,0,2,E'NBAV Neuenstadt',0,E'09',NULL,7,E'32WT313207',E'SGes Heidenheim',7,2,0,0,54,51,50,57,48,55,51,52,54,54),
      (2429,3,2,3,3,1,E'32WT525228',6,2,0,E'BSC Schömberg 1',0,E'10',NULL,6,E'32WT111316',E'BoAbt MTV Ludwigsburg',0,0,2,0,56,56,56,0,0,50,52,51,0,0),
      (2430,3,2,3,3,2,E'32WT535623',3,0,2,E'SGi Welzheim 3',0,E'11',NULL,5,E'32WT313317',E'BSC Geislingen-Steige',7,2,0,0,56,55,51,55,54,52,55,55,56,56),
      (2431,3,2,3,3,8,E'32WT515211',0,0,2,E'SF Gechingen',0,E'12',NULL,3,E'32WT525401',E'SGi Ditzingen 2',6,2,0,0,44,45,43,0,0,55,52,54,0,0),
      (2432,3,2,4,3,8,E'32WT515211',0,0,2,E'SF Gechingen',0,E'13',NULL,2,E'32WT535623',E'SGi Welzheim 3',6,2,0,0,50,50,45,0,0,55,55,55,0,0),
      (2433,3,2,4,3,7,E'32WT313207',0,0,2,E'SGes Heidenheim',0,E'14',NULL,3,E'32WT525401',E'SGi Ditzingen 2',6,2,0,0,44,56,46,0,0,52,57,56,0,0),
      (2434,3,2,4,3,6,E'32WT111316',0,0,2,E'BoAbt MTV Ludwigsburg',0,E'15',NULL,4,E'32WT111230',E'NBAV Neuenstadt',6,2,0,0,46,52,51,0,0,51,53,54,0,0),
      (2435,3,2,4,3,1,E'32WT525228',6,2,0,E'BSC Schömberg 1',0,E'16',NULL,5,E'32WT313317',E'BSC Geislingen-Steige',2,0,2,0,56,58,58,57,0,60,56,54,54,0),
      (2436,3,2,5,3,7,E'32WT313207',2,0,2,E'SGes Heidenheim',0,E'17',NULL,6,E'32WT111316',E'BoAbt MTV Ludwigsburg',6,2,0,0,46,55,54,46,0,53,56,53,55,0),
      (2437,3,2,5,3,5,E'32WT313317',6,2,0,E'BSC Geislingen-Steige',0,E'18',NULL,8,E'32WT515211',E'SF Gechingen',0,0,2,0,57,59,53,0,0,53,54,47,0,0),
      (2438,3,2,5,3,3,E'32WT525401',6,2,0,E'SGi Ditzingen 2',0,E'19',NULL,2,E'32WT535623',E'SGi Welzheim 3',4,0,2,0,56,51,53,57,59,55,56,56,54,53),
      (2439,3,2,5,3,4,E'32WT111230',3,0,2,E'NBAV Neuenstadt',0,E'20',NULL,1,E'32WT525228',E'BSC Schömberg 1',7,2,0,0,55,54,50,53,52,55,56,52,52,54),
      (2440,3,2,6,3,1,E'32WT525228',6,2,0,E'BSC Schömberg 1',0,E'21',NULL,3,E'32WT525401',E'SGi Ditzingen 2',4,0,2,0,59,51,56,54,55,53,53,54,56,51),
      (2441,3,2,6,3,4,E'32WT111230',5,1,1,E'NBAV Neuenstadt',0,E'22',NULL,2,E'32WT535623',E'SGi Welzheim 3',5,1,1,0,49,52,57,56,52,49,57,52,56,52),
      (2442,3,2,6,3,8,E'32WT515211',2,0,2,E'SF Gechingen',0,E'23',NULL,6,E'32WT111316',E'BoAbt MTV Ludwigsburg',6,2,0,0,39,52,50,35,0,49,48,54,52,0),
      (2443,3,2,6,3,5,E'32WT313317',6,2,0,E'BSC Geislingen-Steige',0,E'24',NULL,7,E'32WT313207',E'SGes Heidenheim',2,0,2,0,55,54,57,55,0,54,55,53,50,0),
      (2444,3,2,7,3,2,E'32WT535623',6,2,0,E'SGi Welzheim 3',0,E'25',NULL,1,E'32WT525228',E'BSC Schömberg 1',2,0,2,0,59,48,58,59,0,56,54,56,56,0),
      (2445,3,2,7,3,6,E'32WT111316',6,2,0,E'BoAbt MTV Ludwigsburg',0,E'26',NULL,5,E'32WT313317',E'BSC Geislingen-Steige',0,0,2,0,55,50,49,0,0,50,49,48,0,0),
      (2446,3,2,7,3,4,E'32WT111230',6,2,0,E'NBAV Neuenstadt',0,E'27',NULL,3,E'32WT525401',E'SGi Ditzingen 2',2,0,2,0,51,56,52,52,0,57,54,49,49,0),
      (2447,3,2,7,3,7,E'32WT313207',6,2,0,E'SGes Heidenheim',0,E'28',NULL,8,E'32WT515211',E'SF Gechingen',2,0,2,0,56,52,52,53,0,54,40,53,51,0);



DROP TABLE IF EXISTS "Wettkampfwochen";

CREATE TABLE "Wettkampfwochen" (
    "Wkwzähler" INTEGER PRIMARY KEY,
    "wwwaffe" DOUBLE PRECISION,
    "wwregion" INTEGER,
    "WKWzuordnung" INTEGER,
    "Wochenzahl" DOUBLE PRECISION,
    "WKWende" TEXT,
    "Ort" TEXT,
    "Bemerk" TEXT,
    "Kampfrichter" INTEGER
);

INSERT INTO "Wettkampfwochen"("Wkwzähler","wwwaffe","wwregion","WKWzuordnung","Wochenzahl","WKWende","Ort","Bemerk","Kampfrichter")
VALUES(51,3,2,32,3,E'13.01.2018',E'73542 Welzheim, Franz-Baum-Halle, 14:00 Uhr',E' ',6);


