DELETE from PASSE where passe_id > 0;
DELETE from Match where match_id > 0;
DELETE from wettkampf where wettkampf_id >0;
DELETE from Mannschaftsmitglied where mannschaftsmitglied_id >0;
Delete from Mannschaft where mannschaft_id >0;
DELETE FROM  veranstaltung where veranstaltung_id >0;
delete from liga where liga_id >0;
delete from benutzer_login_verlauf where benutzer_login_verlauf_benutzer_id >0;
DELETE from benutzer_rolle where benutzer_rolle_benutzer_id >0;
Delete from benutzer where benutzer_id >0;
Delete from benutzer where benutzer_id =0;
DELETE from verein where verein_id >0;
DELETE from verein where verein_id =0;
DELETE from region where region_id >999;
Delete from dsb_mitglied where dsb_mitglied_id >1;

INSERT INTO public.region (region_id, region_name, region_kuerzel, region_typ, region_uebergeordnet, created_at_utc, created_by, last_modified_at_utc, last_modified_by, version) VALUES (1000, 'SWT2_Region', 'SWT_RK', 'KREIS', null, '2021-01-28 20:49:06.337792', 0, null, null, 0);


INSERT INTO public.verein (verein_id, verein_name, verein_dsb_identifier, verein_region_id, created_at_utc, created_by, last_modified_at_utc, last_modified_by, version, verein_website, verein_description, verein_icon) VALUES (0, 'SGes Gerstetten', '32WT525401', 6, '2024-03-23 10:48:56.692210', 0, null, null, 0, null, null, null);
INSERT INTO public.verein (verein_id, verein_name, verein_dsb_identifier, verein_region_id, created_at_utc, created_by, last_modified_at_utc, last_modified_by, version, verein_website, verein_description, verein_icon) VALUES (1, 'SV Schwieberdingen', '32WT535623', 7, '2024-03-23 10:48:56.692210', 0, null, null, 0, null, null, null);
INSERT INTO public.verein (verein_id, verein_name, verein_dsb_identifier, verein_region_id, created_at_utc, created_by, last_modified_at_utc, last_modified_by, version, verein_website, verein_description, verein_icon) VALUES (2, 'BoAbt Fasanenhof Stuttgart', 'XXWT717504', 5, '2024-03-23 10:48:56.692210', 0, null, null, 0, null, null, null);
INSERT INTO public.verein (verein_id, verein_name, verein_dsb_identifier, verein_region_id, created_at_utc, created_by, last_modified_at_utc, last_modified_by, version, verein_website, verein_description, verein_icon) VALUES (3, 'SGes Bempflingen', '33WT424108', 5, '2024-03-23 10:48:56.692210', 0, null, null, 0, null, null, null);
INSERT INTO public.verein (verein_id, verein_name, verein_dsb_identifier, verein_region_id, created_at_utc, created_by, last_modified_at_utc, last_modified_by, version, verein_website, verein_description, verein_icon) VALUES (4, 'SV Waldmössingen', '33WT616315', 6, '2024-03-23 10:48:56.692210', 0, null, null, 0, null, null, null);
INSERT INTO public.verein (verein_id, verein_name, verein_dsb_identifier, verein_region_id, created_at_utc, created_by, last_modified_at_utc, last_modified_by, version, verein_website, verein_description, verein_icon) VALUES (5, 'SSV Ehingen', '33WT414516', 7, '2024-03-23 10:48:56.692210', 0, null, null, 0, null, null, null);
INSERT INTO public.verein (verein_id, verein_name, verein_dsb_identifier, verein_region_id, created_at_utc, created_by, last_modified_at_utc, last_modified_by, version, verein_website, verein_description, verein_icon) VALUES (6, 'SSV Hechingen', '33WT616516', 6, '2024-03-23 10:48:56.692210', 0, null, null, 0, null, null, null);
INSERT INTO public.verein (verein_id, verein_name, verein_dsb_identifier, verein_region_id, created_at_utc, created_by, last_modified_at_utc, last_modified_by, version, verein_website, verein_description, verein_icon) VALUES (7, 'SBC Magstadt', '33WT414418', 6, '2024-03-23 10:48:56.692210', 0, null, null, 0, null, null, null);
INSERT INTO public.verein (verein_id, verein_name, verein_dsb_identifier, verein_region_id, created_at_utc, created_by, last_modified_at_utc, last_modified_by, version, verein_website, verein_description, verein_icon) VALUES (8, 'SV Baden-Baden', 'XXXT616516', 10, '2024-03-23 10:48:56.692210', 0, null, null, 0, null, null, null);
INSERT INTO public.verein (verein_id, verein_name, verein_dsb_identifier, verein_region_id, created_at_utc, created_by, last_modified_at_utc, last_modified_by, version, verein_website, verein_description, verein_icon) VALUES (9, 'SV Brochenzell', '33WT434524', 7, '2024-03-23 10:48:56.692210', 0, null, null, 0, null, null, null);
INSERT INTO public.verein (verein_id, verein_name, verein_dsb_identifier, verein_region_id, created_at_utc, created_by, last_modified_at_utc, last_modified_by, version, verein_website, verein_description, verein_icon) VALUES (10, 'BS Nürtingen', '33WT434424', 7, '2024-03-23 10:48:56.692210', 0, null, null, 0, null, null, null);
INSERT INTO public.verein (verein_id, verein_name, verein_dsb_identifier, verein_region_id, created_at_utc, created_by, last_modified_at_utc, last_modified_by, version, verein_website, verein_description, verein_icon) VALUES (11, 'BSC Stuttgart', 'XXWT424108', 5, '2024-03-23 10:48:56.692210', 0, null, null, 0, null, null, null);
INSERT INTO public.verein (verein_id, verein_name, verein_dsb_identifier, verein_region_id, created_at_utc, created_by, last_modified_at_utc, last_modified_by, version, verein_website, verein_description, verein_icon) VALUES (12, 'SV Kirchberg', 'XXWT4241XX', 5, '2024-03-23 10:48:56.692210', 0, null, null, 0, null, null, null);
INSERT INTO public.verein (verein_id, verein_name, verein_dsb_identifier, verein_region_id, created_at_utc, created_by, last_modified_at_utc, last_modified_by, version, verein_website, verein_description, verein_icon) VALUES (1000, 'SWT2_Verein1', 'SWT2_Vereinsnummer1', 1000, '2021-01-28 20:54:10.225483', 0, null, null, 0, null, null, null);
INSERT INTO public.verein (verein_id, verein_name, verein_dsb_identifier, verein_region_id, created_at_utc, created_by, last_modified_at_utc, last_modified_by, version, verein_website, verein_description, verein_icon) VALUES (1001, 'SWT2_Verein2', 'SWT2_Vereinsnummer2', 1000, '2021-01-28 20:54:32.134826', 0, null, null, 0, null, null, null);
INSERT INTO public.verein (verein_id, verein_name, verein_dsb_identifier, verein_region_id, created_at_utc, created_by, last_modified_at_utc, last_modified_by, version, verein_website, verein_description, verein_icon) VALUES (1002, 'SWT2_Verein3', 'SWT2_Vereinsnummer3', 1000, '2021-01-28 20:54:50.493881', 0, null, null, 0, null, null, null);
INSERT INTO public.verein (verein_id, verein_name, verein_dsb_identifier, verein_region_id, created_at_utc, created_by, last_modified_at_utc, last_modified_by, version, verein_website, verein_description, verein_icon) VALUES (1003, 'SWT2_Verein4', 'SWT2_Vereinsnummer4', 1000, '2021-01-28 20:55:15.819105', 0, null, null, 1, null, null, null);
INSERT INTO public.verein (verein_id, verein_name, verein_dsb_identifier, verein_region_id, created_at_utc, created_by, last_modified_at_utc, last_modified_by, version, verein_website, verein_description, verein_icon) VALUES (1004, 'SWT2_Verein5', 'SWT2_Vereinsnummer5', 1000, '2021-01-28 20:57:52.700940', 0, null, null, 0, null, null, null);
INSERT INTO public.verein (verein_id, verein_name, verein_dsb_identifier, verein_region_id, created_at_utc, created_by, last_modified_at_utc, last_modified_by, version, verein_website, verein_description, verein_icon) VALUES (1005, 'SWT2_Verein6', 'SWT2_Vereinsnummer6', 1000, '2021-01-28 20:58:20.397817', 0, null, null, 0, null, null, null);
INSERT INTO public.verein (verein_id, verein_name, verein_dsb_identifier, verein_region_id, created_at_utc, created_by, last_modified_at_utc, last_modified_by, version, verein_website, verein_description, verein_icon) VALUES (1006, 'SWT2_Verein7', 'SWT2_Vereinsnummer7', 1000, '2021-01-28 20:58:38.606665', 0, null, null, 0, null, null, null);
INSERT INTO public.verein (verein_id, verein_name, verein_dsb_identifier, verein_region_id, created_at_utc, created_by, last_modified_at_utc, last_modified_by, version, verein_website, verein_description, verein_icon) VALUES (1007, 'SWT2_Verein8', 'SWT2_Vereinsnummer8', 1000, '2021-01-28 20:58:57.048792', 0, null, null, 0, null, null, null);
INSERT INTO public.verein (verein_id, verein_name, verein_dsb_identifier, verein_region_id, created_at_utc, created_by, last_modified_at_utc, last_modified_by, version, verein_website, verein_description, verein_icon) VALUES (99, 'Platzhalter', 'Platzhalter', 1000, '2023-05-02 14:16:57.048792', 0, null, null, 2, null, null, null);




INSERT INTO public.dsb_mitglied (dsb_mitglied_id, dsb_mitglied_vorname, dsb_mitglied_nachname, dsb_mitglied_geburtsdatum, dsb_mitglied_nationalitaet, dsb_mitglied_mitgliedsnummer, dsb_mitglied_verein_id, dsb_mitglied_benutzer_id, created_at_utc, created_by, last_modified_at_utc, last_modified_by, version) VALUES (31, 'Kassie', 'Hysmith', '1986-01-01', 'D', '87721795', 0, null, '2024-03-23 10:48:56.692210', 0, null, null, 0);
INSERT INTO public.dsb_mitglied (dsb_mitglied_id, dsb_mitglied_vorname, dsb_mitglied_nachname, dsb_mitglied_geburtsdatum, dsb_mitglied_nationalitaet, dsb_mitglied_mitgliedsnummer, dsb_mitglied_verein_id, dsb_mitglied_benutzer_id, created_at_utc, created_by, last_modified_at_utc, last_modified_by, version) VALUES (32, 'Phebe', 'Biddle', '1990-01-01', 'D', '92039767', 11, null, '2024-03-23 10:48:56.692210', 0, null, null, 0);
INSERT INTO public.dsb_mitglied (dsb_mitglied_id, dsb_mitglied_vorname, dsb_mitglied_nachname, dsb_mitglied_geburtsdatum, dsb_mitglied_nationalitaet, dsb_mitglied_mitgliedsnummer, dsb_mitglied_verein_id, dsb_mitglied_benutzer_id, created_at_utc, created_by, last_modified_at_utc, last_modified_by, version) VALUES (35, 'Stephaine', 'Tovar', '1998-01-01', 'D', '14168219', 5, null, '2024-03-23 10:48:56.692210', 0, null, null, 0);
INSERT INTO public.dsb_mitglied (dsb_mitglied_id, dsb_mitglied_vorname, dsb_mitglied_nachname, dsb_mitglied_geburtsdatum, dsb_mitglied_nationalitaet, dsb_mitglied_mitgliedsnummer, dsb_mitglied_verein_id, dsb_mitglied_benutzer_id, created_at_utc, created_by, last_modified_at_utc, last_modified_by, version) VALUES (36, 'Shanae', 'Balding', '1999-01-01', 'D', '20401429', 6, null, '2024-03-23 10:48:56.692210', 0, null, null, 0);
INSERT INTO public.dsb_mitglied (dsb_mitglied_id, dsb_mitglied_vorname, dsb_mitglied_nachname, dsb_mitglied_geburtsdatum, dsb_mitglied_nationalitaet, dsb_mitglied_mitgliedsnummer, dsb_mitglied_verein_id, dsb_mitglied_benutzer_id, created_at_utc, created_by, last_modified_at_utc, last_modified_by, version) VALUES (44, 'Shiloh', 'Pegues', '1965-01-01', 'D', '664B0918', 7, null, '2024-03-23 10:48:56.692210', 0, null, null, 0);
INSERT INTO public.dsb_mitglied (dsb_mitglied_id, dsb_mitglied_vorname, dsb_mitglied_nachname, dsb_mitglied_geburtsdatum, dsb_mitglied_nationalitaet, dsb_mitglied_mitgliedsnummer, dsb_mitglied_verein_id, dsb_mitglied_benutzer_id, created_at_utc, created_by, last_modified_at_utc, last_modified_by, version) VALUES (45, 'Vicente', 'Strand', '1957-01-01', 'D', '59455978', 5, null, '2024-03-23 10:48:56.692210', 0, null, null, 0);
INSERT INTO public.dsb_mitglied (dsb_mitglied_id, dsb_mitglied_vorname, dsb_mitglied_nachname, dsb_mitglied_geburtsdatum, dsb_mitglied_nationalitaet, dsb_mitglied_mitgliedsnummer, dsb_mitglied_verein_id, dsb_mitglied_benutzer_id, created_at_utc, created_by, last_modified_at_utc, last_modified_by, version) VALUES (46, 'Darrell', 'Woodham', '1973-01-01', 'D', '23770976', 6, null, '2024-03-23 10:48:56.692210', 0, null, null, 0);
INSERT INTO public.dsb_mitglied (dsb_mitglied_id, dsb_mitglied_vorname, dsb_mitglied_nachname, dsb_mitglied_geburtsdatum, dsb_mitglied_nationalitaet, dsb_mitglied_mitgliedsnummer, dsb_mitglied_verein_id, dsb_mitglied_benutzer_id, created_at_utc, created_by, last_modified_at_utc, last_modified_by, version) VALUES (47, 'Hai', 'Antle', '1964-01-01', 'D', '66075169', 0, null, '2024-03-23 10:48:56.692210', 0, null, null, 0);
INSERT INTO public.dsb_mitglied (dsb_mitglied_id, dsb_mitglied_vorname, dsb_mitglied_nachname, dsb_mitglied_geburtsdatum, dsb_mitglied_nationalitaet, dsb_mitglied_mitgliedsnummer, dsb_mitglied_verein_id, dsb_mitglied_benutzer_id, created_at_utc, created_by, last_modified_at_utc, last_modified_by, version) VALUES (48, 'Cammy', 'Scola', '1990-01-01', 'D', '91896623', 11, null, '2024-03-23 10:48:56.692210', 0, null, null, 0);
INSERT INTO public.dsb_mitglied (dsb_mitglied_id, dsb_mitglied_vorname, dsb_mitglied_nachname, dsb_mitglied_geburtsdatum, dsb_mitglied_nationalitaet, dsb_mitglied_mitgliedsnummer, dsb_mitglied_verein_id, dsb_mitglied_benutzer_id, created_at_utc, created_by, last_modified_at_utc, last_modified_by, version) VALUES (51, 'Susann', 'Dowdell', '1980-01-01', 'D', '81075269', 7, null, '2024-03-23 10:48:56.692210', 0, null, null, 0);
INSERT INTO public.dsb_mitglied (dsb_mitglied_id, dsb_mitglied_vorname, dsb_mitglied_nachname, dsb_mitglied_geburtsdatum, dsb_mitglied_nationalitaet, dsb_mitglied_mitgliedsnummer, dsb_mitglied_verein_id, dsb_mitglied_benutzer_id, created_at_utc, created_by, last_modified_at_utc, last_modified_by, version) VALUES (70, 'Jena', 'Gingras', '1967-01-01', 'D', '69400591', 0, null, '2024-03-23 10:48:56.692210', 0, null, null, 0);
INSERT INTO public.dsb_mitglied (dsb_mitglied_id, dsb_mitglied_vorname, dsb_mitglied_nachname, dsb_mitglied_geburtsdatum, dsb_mitglied_nationalitaet, dsb_mitglied_mitgliedsnummer, dsb_mitglied_verein_id, dsb_mitglied_benutzer_id, created_at_utc, created_by, last_modified_at_utc, last_modified_by, version) VALUES (71, 'Jacqui', 'Voltz', '1991-01-01', 'D', '94154216', 11, null, '2024-03-23 10:48:56.692210', 0, null, null, 0);
INSERT INTO public.dsb_mitglied (dsb_mitglied_id, dsb_mitglied_vorname, dsb_mitglied_nachname, dsb_mitglied_geburtsdatum, dsb_mitglied_nationalitaet, dsb_mitglied_mitgliedsnummer, dsb_mitglied_verein_id, dsb_mitglied_benutzer_id, created_at_utc, created_by, last_modified_at_utc, last_modified_by, version) VALUES (72, 'Beverley', 'Germany', '1986-01-01', 'D', '26738514', 5, null, '2024-03-23 10:48:56.692210', 0, null, null, 0);
INSERT INTO public.dsb_mitglied (dsb_mitglied_id, dsb_mitglied_vorname, dsb_mitglied_nachname, dsb_mitglied_geburtsdatum, dsb_mitglied_nationalitaet, dsb_mitglied_mitgliedsnummer, dsb_mitglied_verein_id, dsb_mitglied_benutzer_id, created_at_utc, created_by, last_modified_at_utc, last_modified_by, version) VALUES (73, 'Rhea', 'Woodward', '1969-01-01', 'D', '71882193', 6, null, '2024-03-23 10:48:56.692210', 0, null, null, 0);
INSERT INTO public.dsb_mitglied (dsb_mitglied_id, dsb_mitglied_vorname, dsb_mitglied_nachname, dsb_mitglied_geburtsdatum, dsb_mitglied_nationalitaet, dsb_mitglied_mitgliedsnummer, dsb_mitglied_verein_id, dsb_mitglied_benutzer_id, created_at_utc, created_by, last_modified_at_utc, last_modified_by, version) VALUES (76, 'Tosha', 'Ingles', '1949-01-01', 'D', '510815A3', 5, null, '2024-03-23 10:48:56.692210', 0, null, null, 0);
INSERT INTO public.dsb_mitglied (dsb_mitglied_id, dsb_mitglied_vorname, dsb_mitglied_nachname, dsb_mitglied_geburtsdatum, dsb_mitglied_nationalitaet, dsb_mitglied_mitgliedsnummer, dsb_mitglied_verein_id, dsb_mitglied_benutzer_id, created_at_utc, created_by, last_modified_at_utc, last_modified_by, version) VALUES (77, 'Meghann', 'John', '1978-01-01', 'D', '80071582', 6, null, '2024-03-23 10:48:56.692210', 0, null, null, 0);
INSERT INTO public.dsb_mitglied (dsb_mitglied_id, dsb_mitglied_vorname, dsb_mitglied_nachname, dsb_mitglied_geburtsdatum, dsb_mitglied_nationalitaet, dsb_mitglied_mitgliedsnummer, dsb_mitglied_verein_id, dsb_mitglied_benutzer_id, created_at_utc, created_by, last_modified_at_utc, last_modified_by, version) VALUES (78, 'Latrina', 'Grooms', '1992-01-01', 'D', '93807031', 7, null, '2024-03-23 10:48:56.692210', 0, null, null, 0);
INSERT INTO public.dsb_mitglied (dsb_mitglied_id, dsb_mitglied_vorname, dsb_mitglied_nachname, dsb_mitglied_geburtsdatum, dsb_mitglied_nationalitaet, dsb_mitglied_mitgliedsnummer, dsb_mitglied_verein_id, dsb_mitglied_benutzer_id, created_at_utc, created_by, last_modified_at_utc, last_modified_by, version) VALUES (79, 'Karie', 'Minott', '1978-01-01', 'D', '79781826', 0, null, '2024-03-23 10:48:56.692210', 0, null, null, 0);
INSERT INTO public.dsb_mitglied (dsb_mitglied_id, dsb_mitglied_vorname, dsb_mitglied_nachname, dsb_mitglied_geburtsdatum, dsb_mitglied_nationalitaet, dsb_mitglied_mitgliedsnummer, dsb_mitglied_verein_id, dsb_mitglied_benutzer_id, created_at_utc, created_by, last_modified_at_utc, last_modified_by, version) VALUES (80, 'Barbra', 'Thiessen', '1980-01-01', 'D', '81913821', 11, null, '2024-03-23 10:48:56.692210', 0, null, null, 0);
INSERT INTO public.dsb_mitglied (dsb_mitglied_id, dsb_mitglied_vorname, dsb_mitglied_nachname, dsb_mitglied_geburtsdatum, dsb_mitglied_nationalitaet, dsb_mitglied_mitgliedsnummer, dsb_mitglied_verein_id, dsb_mitglied_benutzer_id, created_at_utc, created_by, last_modified_at_utc, last_modified_by, version) VALUES (91, 'Jeraldine', 'Remigio', '1969-01-01', 'D', '70340570', 10, null, '2024-03-23 10:48:56.692210', 0, null, null, 0);
INSERT INTO public.dsb_mitglied (dsb_mitglied_id, dsb_mitglied_vorname, dsb_mitglied_nachname, dsb_mitglied_geburtsdatum, dsb_mitglied_nationalitaet, dsb_mitglied_mitgliedsnummer, dsb_mitglied_verein_id, dsb_mitglied_benutzer_id, created_at_utc, created_by, last_modified_at_utc, last_modified_by, version) VALUES (103, 'Lissa', 'Veach', '1995-01-01', 'D', '96527009', 11, null, '2024-03-23 10:48:56.692210', 0, null, null, 0);
INSERT INTO public.dsb_mitglied (dsb_mitglied_id, dsb_mitglied_vorname, dsb_mitglied_nachname, dsb_mitglied_geburtsdatum, dsb_mitglied_nationalitaet, dsb_mitglied_mitgliedsnummer, dsb_mitglied_verein_id, dsb_mitglied_benutzer_id, created_at_utc, created_by, last_modified_at_utc, last_modified_by, version) VALUES (104, 'Cathryn', 'Ebron', '1962-01-01', 'D', '64230502', 5, null, '2024-03-23 10:48:56.692210', 0, null, null, 0);
INSERT INTO public.dsb_mitglied (dsb_mitglied_id, dsb_mitglied_vorname, dsb_mitglied_nachname, dsb_mitglied_geburtsdatum, dsb_mitglied_nationalitaet, dsb_mitglied_mitgliedsnummer, dsb_mitglied_verein_id, dsb_mitglied_benutzer_id, created_at_utc, created_by, last_modified_at_utc, last_modified_by, version) VALUES (109, 'Wilbur', 'Corter', '1980-01-01', 'D', '16321064', 6, null, '2024-03-23 10:48:56.692210', 0, null, null, 0);
INSERT INTO public.dsb_mitglied (dsb_mitglied_id, dsb_mitglied_vorname, dsb_mitglied_nachname, dsb_mitglied_geburtsdatum, dsb_mitglied_nationalitaet, dsb_mitglied_mitgliedsnummer, dsb_mitglied_verein_id, dsb_mitglied_benutzer_id, created_at_utc, created_by, last_modified_at_utc, last_modified_by, version) VALUES (110, 'Darci', 'Crist', '1964-01-01', 'D', '16124527', 7, null, '2024-03-23 10:48:56.692210', 0, null, null, 0);
INSERT INTO public.dsb_mitglied (dsb_mitglied_id, dsb_mitglied_vorname, dsb_mitglied_nachname, dsb_mitglied_geburtsdatum, dsb_mitglied_nationalitaet, dsb_mitglied_mitgliedsnummer, dsb_mitglied_verein_id, dsb_mitglied_benutzer_id, created_at_utc, created_by, last_modified_at_utc, last_modified_by, version) VALUES (121, 'Vina', 'Fite', '2000-01-01', 'D', '11997585', 10, null, '2024-03-23 10:48:56.692210', 0, null, null, 0);
INSERT INTO public.dsb_mitglied (dsb_mitglied_id, dsb_mitglied_vorname, dsb_mitglied_nachname, dsb_mitglied_geburtsdatum, dsb_mitglied_nationalitaet, dsb_mitglied_mitgliedsnummer, dsb_mitglied_verein_id, dsb_mitglied_benutzer_id, created_at_utc, created_by, last_modified_at_utc, last_modified_by, version) VALUES (122, 'Sherilyn', 'Kind', '1964-01-01', 'D', '65853805', 11, null, '2024-03-23 10:48:56.692210', 0, null, null, 0);
INSERT INTO public.dsb_mitglied (dsb_mitglied_id, dsb_mitglied_vorname, dsb_mitglied_nachname, dsb_mitglied_geburtsdatum, dsb_mitglied_nationalitaet, dsb_mitglied_mitgliedsnummer, dsb_mitglied_verein_id, dsb_mitglied_benutzer_id, created_at_utc, created_by, last_modified_at_utc, last_modified_by, version) VALUES (123, 'Bailey', 'Michelsen', '1968-01-01', 'D', '69482200', 5, null, '2024-03-23 10:48:56.692210', 0, null, null, 0);
INSERT INTO public.dsb_mitglied (dsb_mitglied_id, dsb_mitglied_vorname, dsb_mitglied_nachname, dsb_mitglied_geburtsdatum, dsb_mitglied_nationalitaet, dsb_mitglied_mitgliedsnummer, dsb_mitglied_verein_id, dsb_mitglied_benutzer_id, created_at_utc, created_by, last_modified_at_utc, last_modified_by, version) VALUES (127, 'Cortez', 'Twiggs', '1978-01-01', 'D', '79821028', 12, null, '2024-03-23 10:48:56.692210', 0, null, null, 0);
INSERT INTO public.dsb_mitglied (dsb_mitglied_id, dsb_mitglied_vorname, dsb_mitglied_nachname, dsb_mitglied_geburtsdatum, dsb_mitglied_nationalitaet, dsb_mitglied_mitgliedsnummer, dsb_mitglied_verein_id, dsb_mitglied_benutzer_id, created_at_utc, created_by, last_modified_at_utc, last_modified_by, version) VALUES (129, 'Barb', 'Digiovanni', '1953-01-01', 'D', '54533330', 7, null, '2024-03-23 10:48:56.692210', 0, null, null, 0);
INSERT INTO public.dsb_mitglied (dsb_mitglied_id, dsb_mitglied_vorname, dsb_mitglied_nachname, dsb_mitglied_geburtsdatum, dsb_mitglied_nationalitaet, dsb_mitglied_mitgliedsnummer, dsb_mitglied_verein_id, dsb_mitglied_benutzer_id, created_at_utc, created_by, last_modified_at_utc, last_modified_by, version) VALUES (132, 'Velda', 'Truax', '1954-01-01', 'D', '55856311', 10, null, '2024-03-23 10:48:56.692210', 0, null, null, 0);
INSERT INTO public.dsb_mitglied (dsb_mitglied_id, dsb_mitglied_vorname, dsb_mitglied_nachname, dsb_mitglied_geburtsdatum, dsb_mitglied_nationalitaet, dsb_mitglied_mitgliedsnummer, dsb_mitglied_verein_id, dsb_mitglied_benutzer_id, created_at_utc, created_by, last_modified_at_utc, last_modified_by, version) VALUES (174, 'Nona', 'Akbar', '1963-01-01', 'D', '65017877', 11, null, '2024-03-23 10:48:56.692210', 0, null, null, 0);
INSERT INTO public.dsb_mitglied (dsb_mitglied_id, dsb_mitglied_vorname, dsb_mitglied_nachname, dsb_mitglied_geburtsdatum, dsb_mitglied_nationalitaet, dsb_mitglied_mitgliedsnummer, dsb_mitglied_verein_id, dsb_mitglied_benutzer_id, created_at_utc, created_by, last_modified_at_utc, last_modified_by, version) VALUES (176, 'Cindy', 'Parise', '1959-01-01', 'D', '61430786', 10, null, '2024-03-23 10:48:56.692210', 0, null, null, 0);
INSERT INTO public.dsb_mitglied (dsb_mitglied_id, dsb_mitglied_vorname, dsb_mitglied_nachname, dsb_mitglied_geburtsdatum, dsb_mitglied_nationalitaet, dsb_mitglied_mitgliedsnummer, dsb_mitglied_verein_id, dsb_mitglied_benutzer_id, created_at_utc, created_by, last_modified_at_utc, last_modified_by, version) VALUES (177, 'Jong', 'Robey', '1999-01-01', 'D', '11503580', 11, null, '2024-03-23 10:48:56.692210', 0, null, null, 0);
INSERT INTO public.dsb_mitglied (dsb_mitglied_id, dsb_mitglied_vorname, dsb_mitglied_nachname, dsb_mitglied_geburtsdatum, dsb_mitglied_nationalitaet, dsb_mitglied_mitgliedsnummer, dsb_mitglied_verein_id, dsb_mitglied_benutzer_id, created_at_utc, created_by, last_modified_at_utc, last_modified_by, version) VALUES (178, 'Bonita', 'Preas', '1998-01-01', 'D', '99525317', 5, null, '2024-03-23 10:48:56.692210', 0, null, null, 0);
INSERT INTO public.dsb_mitglied (dsb_mitglied_id, dsb_mitglied_vorname, dsb_mitglied_nachname, dsb_mitglied_geburtsdatum, dsb_mitglied_nationalitaet, dsb_mitglied_mitgliedsnummer, dsb_mitglied_verein_id, dsb_mitglied_benutzer_id, created_at_utc, created_by, last_modified_at_utc, last_modified_by, version) VALUES (180, 'Shizuko', 'Berndt', '1991-01-01', 'D', '93635103', 12, null, '2024-03-23 10:48:56.692210', 0, null, null, 0);
INSERT INTO public.dsb_mitglied (dsb_mitglied_id, dsb_mitglied_vorname, dsb_mitglied_nachname, dsb_mitglied_geburtsdatum, dsb_mitglied_nationalitaet, dsb_mitglied_mitgliedsnummer, dsb_mitglied_verein_id, dsb_mitglied_benutzer_id, created_at_utc, created_by, last_modified_at_utc, last_modified_by, version) VALUES (182, 'Florence', 'Riggle', '1985-01-01', 'D', '87444779', 7, null, '2024-03-23 10:48:56.692210', 0, null, null, 0);
INSERT INTO public.dsb_mitglied (dsb_mitglied_id, dsb_mitglied_vorname, dsb_mitglied_nachname, dsb_mitglied_geburtsdatum, dsb_mitglied_nationalitaet, dsb_mitglied_mitgliedsnummer, dsb_mitglied_verein_id, dsb_mitglied_benutzer_id, created_at_utc, created_by, last_modified_at_utc, last_modified_by, version) VALUES (186, 'Vernita', 'Costa', '1960-01-01', 'D', '62026375', 10, null, '2024-03-23 10:48:56.692210', 0, null, null, 0);
INSERT INTO public.dsb_mitglied (dsb_mitglied_id, dsb_mitglied_vorname, dsb_mitglied_nachname, dsb_mitglied_geburtsdatum, dsb_mitglied_nationalitaet, dsb_mitglied_mitgliedsnummer, dsb_mitglied_verein_id, dsb_mitglied_benutzer_id, created_at_utc, created_by, last_modified_at_utc, last_modified_by, version) VALUES (187, 'Lue', 'Caudillo', '1957-01-01', 'D', '58703571', 11, null, '2024-03-23 10:48:56.692210', 0, null, null, 0);
INSERT INTO public.dsb_mitglied (dsb_mitglied_id, dsb_mitglied_vorname, dsb_mitglied_nachname, dsb_mitglied_geburtsdatum, dsb_mitglied_nationalitaet, dsb_mitglied_mitgliedsnummer, dsb_mitglied_verein_id, dsb_mitglied_benutzer_id, created_at_utc, created_by, last_modified_at_utc, last_modified_by, version) VALUES (188, 'Sherley', 'Pelc', '1950-01-01', 'D', '52646729', 5, null, '2024-03-23 10:48:56.692210', 0, null, null, 0);
INSERT INTO public.dsb_mitglied (dsb_mitglied_id, dsb_mitglied_vorname, dsb_mitglied_nachname, dsb_mitglied_geburtsdatum, dsb_mitglied_nationalitaet, dsb_mitglied_mitgliedsnummer, dsb_mitglied_verein_id, dsb_mitglied_benutzer_id, created_at_utc, created_by, last_modified_at_utc, last_modified_by, version) VALUES (189, 'Ranae', 'Coache', '1985-01-01', 'D', '87390776', 3, null, '2024-03-23 10:48:56.692210', 0, null, null, 0);
INSERT INTO public.dsb_mitglied (dsb_mitglied_id, dsb_mitglied_vorname, dsb_mitglied_nachname, dsb_mitglied_geburtsdatum, dsb_mitglied_nationalitaet, dsb_mitglied_mitgliedsnummer, dsb_mitglied_verein_id, dsb_mitglied_benutzer_id, created_at_utc, created_by, last_modified_at_utc, last_modified_by, version) VALUES (190, 'Billy', 'Munro', '1959-01-01', 'D', '60883700', 9, null, '2024-03-23 10:48:56.692210', 0, null, null, 0);
INSERT INTO public.dsb_mitglied (dsb_mitglied_id, dsb_mitglied_vorname, dsb_mitglied_nachname, dsb_mitglied_geburtsdatum, dsb_mitglied_nationalitaet, dsb_mitglied_mitgliedsnummer, dsb_mitglied_verein_id, dsb_mitglied_benutzer_id, created_at_utc, created_by, last_modified_at_utc, last_modified_by, version) VALUES (192, 'Collin', 'Gallup', '1987-01-01', 'D', '88667686', 5, null, '2024-03-23 10:48:56.692210', 0, null, null, 0);
INSERT INTO public.dsb_mitglied (dsb_mitglied_id, dsb_mitglied_vorname, dsb_mitglied_nachname, dsb_mitglied_geburtsdatum, dsb_mitglied_nationalitaet, dsb_mitglied_mitgliedsnummer, dsb_mitglied_verein_id, dsb_mitglied_benutzer_id, created_at_utc, created_by, last_modified_at_utc, last_modified_by, version) VALUES (193, 'Bernita', 'Rutt', '1967-01-01', 'D', '68789531', 3, null, '2024-03-23 10:48:56.692210', 0, null, null, 0);
INSERT INTO public.dsb_mitglied (dsb_mitglied_id, dsb_mitglied_vorname, dsb_mitglied_nachname, dsb_mitglied_geburtsdatum, dsb_mitglied_nationalitaet, dsb_mitglied_mitgliedsnummer, dsb_mitglied_verein_id, dsb_mitglied_benutzer_id, created_at_utc, created_by, last_modified_at_utc, last_modified_by, version) VALUES (216, 'Noella', 'Leung', '1985-01-01', 'D', '86660392', 9, null, '2024-03-23 10:48:56.692210', 0, null, null, 0);
INSERT INTO public.dsb_mitglied (dsb_mitglied_id, dsb_mitglied_vorname, dsb_mitglied_nachname, dsb_mitglied_geburtsdatum, dsb_mitglied_nationalitaet, dsb_mitglied_mitgliedsnummer, dsb_mitglied_verein_id, dsb_mitglied_benutzer_id, created_at_utc, created_by, last_modified_at_utc, last_modified_by, version) VALUES (217, 'Jaye', 'Boer', '1969-01-01', 'D', '71012688', 10, null, '2024-03-23 10:48:56.692210', 0, null, null, 0);
INSERT INTO public.dsb_mitglied (dsb_mitglied_id, dsb_mitglied_vorname, dsb_mitglied_nachname, dsb_mitglied_geburtsdatum, dsb_mitglied_nationalitaet, dsb_mitglied_mitgliedsnummer, dsb_mitglied_verein_id, dsb_mitglied_benutzer_id, created_at_utc, created_by, last_modified_at_utc, last_modified_by, version) VALUES (218, 'April', 'Holzer', '1995-01-01', 'D', '96867609', 11, null, '2024-03-23 10:48:56.692210', 0, null, null, 0);
INSERT INTO public.dsb_mitglied (dsb_mitglied_id, dsb_mitglied_vorname, dsb_mitglied_nachname, dsb_mitglied_geburtsdatum, dsb_mitglied_nationalitaet, dsb_mitglied_mitgliedsnummer, dsb_mitglied_verein_id, dsb_mitglied_benutzer_id, created_at_utc, created_by, last_modified_at_utc, last_modified_by, version) VALUES (219, 'Jaime', 'Mastronardi', '1961-01-01', 'D', '63045871', 5, null, '2024-03-23 10:48:56.692210', 0, null, null, 0);
INSERT INTO public.dsb_mitglied (dsb_mitglied_id, dsb_mitglied_vorname, dsb_mitglied_nachname, dsb_mitglied_geburtsdatum, dsb_mitglied_nationalitaet, dsb_mitglied_mitgliedsnummer, dsb_mitglied_verein_id, dsb_mitglied_benutzer_id, created_at_utc, created_by, last_modified_at_utc, last_modified_by, version) VALUES (220, 'Twyla', 'Marcella', '1973-01-01', 'D', '74841017', 12, null, '2024-03-23 10:48:56.692210', 0, null, null, 0);
INSERT INTO public.dsb_mitglied (dsb_mitglied_id, dsb_mitglied_vorname, dsb_mitglied_nachname, dsb_mitglied_geburtsdatum, dsb_mitglied_nationalitaet, dsb_mitglied_mitgliedsnummer, dsb_mitglied_verein_id, dsb_mitglied_benutzer_id, created_at_utc, created_by, last_modified_at_utc, last_modified_by, version) VALUES (240, 'Ricarda', 'Terhune', '1963-01-01', 'D', '65207326', 9, null, '2024-03-23 10:48:56.692210', 0, null, null, 0);
INSERT INTO public.dsb_mitglied (dsb_mitglied_id, dsb_mitglied_vorname, dsb_mitglied_nachname, dsb_mitglied_geburtsdatum, dsb_mitglied_nationalitaet, dsb_mitglied_mitgliedsnummer, dsb_mitglied_verein_id, dsb_mitglied_benutzer_id, created_at_utc, created_by, last_modified_at_utc, last_modified_by, version) VALUES (244, 'Milton', 'Fassett', '1962-01-01', 'D', '64745105', 10, null, '2024-03-23 10:48:56.692210', 0, null, null, 0);
INSERT INTO public.dsb_mitglied (dsb_mitglied_id, dsb_mitglied_vorname, dsb_mitglied_nachname, dsb_mitglied_geburtsdatum, dsb_mitglied_nationalitaet, dsb_mitglied_mitgliedsnummer, dsb_mitglied_verein_id, dsb_mitglied_benutzer_id, created_at_utc, created_by, last_modified_at_utc, last_modified_by, version) VALUES (248, 'Julius', 'Scrivens', '1973-01-01', 'D', '76924684', 11, null, '2024-03-23 10:48:56.692210', 0, null, null, 0);
INSERT INTO public.dsb_mitglied (dsb_mitglied_id, dsb_mitglied_vorname, dsb_mitglied_nachname, dsb_mitglied_geburtsdatum, dsb_mitglied_nationalitaet, dsb_mitglied_mitgliedsnummer, dsb_mitglied_verein_id, dsb_mitglied_benutzer_id, created_at_utc, created_by, last_modified_at_utc, last_modified_by, version) VALUES (249, 'Marcos', 'Ringo', '1973-01-01', 'D', '76460106', 3, null, '2024-03-23 10:48:56.692210', 0, null, null, 0);
INSERT INTO public.dsb_mitglied (dsb_mitglied_id, dsb_mitglied_vorname, dsb_mitglied_nachname, dsb_mitglied_geburtsdatum, dsb_mitglied_nationalitaet, dsb_mitglied_mitgliedsnummer, dsb_mitglied_verein_id, dsb_mitglied_benutzer_id, created_at_utc, created_by, last_modified_at_utc, last_modified_by, version) VALUES (250, 'Dale', 'Barranco', '1973-01-01', 'D', '17405616', 7, null, '2024-03-23 10:48:56.692210', 0, null, null, 0);
INSERT INTO public.dsb_mitglied (dsb_mitglied_id, dsb_mitglied_vorname, dsb_mitglied_nachname, dsb_mitglied_geburtsdatum, dsb_mitglied_nationalitaet, dsb_mitglied_mitgliedsnummer, dsb_mitglied_verein_id, dsb_mitglied_benutzer_id, created_at_utc, created_by, last_modified_at_utc, last_modified_by, version) VALUES (364, 'Hester', 'Wigger', '1975-01-01', 'D', '76460006', 10, null, '2024-03-23 10:48:56.692210', 0, null, null, 0);
INSERT INTO public.dsb_mitglied (dsb_mitglied_id, dsb_mitglied_vorname, dsb_mitglied_nachname, dsb_mitglied_geburtsdatum, dsb_mitglied_nationalitaet, dsb_mitglied_mitgliedsnummer, dsb_mitglied_verein_id, dsb_mitglied_benutzer_id, created_at_utc, created_by, last_modified_at_utc, last_modified_by, version) VALUES (383, 'Sharan', 'Ratchford', '1968-01-01', 'D', '71653622', 11, null, '2024-03-23 10:48:56.692210', 0, null, null, 0);
INSERT INTO public.dsb_mitglied (dsb_mitglied_id, dsb_mitglied_vorname, dsb_mitglied_nachname, dsb_mitglied_geburtsdatum, dsb_mitglied_nationalitaet, dsb_mitglied_mitgliedsnummer, dsb_mitglied_verein_id, dsb_mitglied_benutzer_id, created_at_utc, created_by, last_modified_at_utc, last_modified_by, version) VALUES (384, 'Shantae', 'Upshur', '1974-01-01', 'D', '76319812', 10, null, '2024-03-23 10:48:56.692210', 0, null, null, 0);
INSERT INTO public.dsb_mitglied (dsb_mitglied_id, dsb_mitglied_vorname, dsb_mitglied_nachname, dsb_mitglied_geburtsdatum, dsb_mitglied_nationalitaet, dsb_mitglied_mitgliedsnummer, dsb_mitglied_verein_id, dsb_mitglied_benutzer_id, created_at_utc, created_by, last_modified_at_utc, last_modified_by, version) VALUES (385, 'Connie', 'Keala', '1996-01-01', 'D', '98064586', 1, null, '2024-03-23 10:48:56.692210', 0, null, null, 0);
INSERT INTO public.dsb_mitglied (dsb_mitglied_id, dsb_mitglied_vorname, dsb_mitglied_nachname, dsb_mitglied_geburtsdatum, dsb_mitglied_nationalitaet, dsb_mitglied_mitgliedsnummer, dsb_mitglied_verein_id, dsb_mitglied_benutzer_id, created_at_utc, created_by, last_modified_at_utc, last_modified_by, version) VALUES (386, 'Birdie', 'Kulig', '1979-01-01', 'D', '81074095', 5, null, '2024-03-23 10:48:56.692210', 0, null, null, 0);
INSERT INTO public.dsb_mitglied (dsb_mitglied_id, dsb_mitglied_vorname, dsb_mitglied_nachname, dsb_mitglied_geburtsdatum, dsb_mitglied_nationalitaet, dsb_mitglied_mitgliedsnummer, dsb_mitglied_verein_id, dsb_mitglied_benutzer_id, created_at_utc, created_by, last_modified_at_utc, last_modified_by, version) VALUES (387, 'Latosha', 'Cheung', '1976-01-01', 'D', '78736627', 6, null, '2024-03-23 10:48:56.692210', 0, null, null, 0);
INSERT INTO public.dsb_mitglied (dsb_mitglied_id, dsb_mitglied_vorname, dsb_mitglied_nachname, dsb_mitglied_geburtsdatum, dsb_mitglied_nationalitaet, dsb_mitglied_mitgliedsnummer, dsb_mitglied_verein_id, dsb_mitglied_benutzer_id, created_at_utc, created_by, last_modified_at_utc, last_modified_by, version) VALUES (390, 'Martina', 'Kirkley', '1980-01-01', 'D', '44072584', 7, null, '2024-03-23 10:48:56.692210', 0, null, null, 0);
INSERT INTO public.dsb_mitglied (dsb_mitglied_id, dsb_mitglied_vorname, dsb_mitglied_nachname, dsb_mitglied_geburtsdatum, dsb_mitglied_nationalitaet, dsb_mitglied_mitgliedsnummer, dsb_mitglied_verein_id, dsb_mitglied_benutzer_id, created_at_utc, created_by, last_modified_at_utc, last_modified_by, version) VALUES (392, 'Steve', 'Lohman', '1979-01-01', 'D', '80618272', 10, null, '2024-03-23 10:48:56.692210', 0, null, null, 0);
INSERT INTO public.dsb_mitglied (dsb_mitglied_id, dsb_mitglied_vorname, dsb_mitglied_nachname, dsb_mitglied_geburtsdatum, dsb_mitglied_nationalitaet, dsb_mitglied_mitgliedsnummer, dsb_mitglied_verein_id, dsb_mitglied_benutzer_id, created_at_utc, created_by, last_modified_at_utc, last_modified_by, version) VALUES (393, 'Cindie', 'Proulx', '1989-01-01', 'D', '91442478', 1, null, '2024-03-23 10:48:56.692210', 0, null, null, 0);
INSERT INTO public.dsb_mitglied (dsb_mitglied_id, dsb_mitglied_vorname, dsb_mitglied_nachname, dsb_mitglied_geburtsdatum, dsb_mitglied_nationalitaet, dsb_mitglied_mitgliedsnummer, dsb_mitglied_verein_id, dsb_mitglied_benutzer_id, created_at_utc, created_by, last_modified_at_utc, last_modified_by, version) VALUES (394, 'Florentina', 'Binns', '1992-01-01', 'D', '94649417', 5, null, '2024-03-23 10:48:56.692210', 0, null, null, 0);
INSERT INTO public.dsb_mitglied (dsb_mitglied_id, dsb_mitglied_vorname, dsb_mitglied_nachname, dsb_mitglied_geburtsdatum, dsb_mitglied_nationalitaet, dsb_mitglied_mitgliedsnummer, dsb_mitglied_verein_id, dsb_mitglied_benutzer_id, created_at_utc, created_by, last_modified_at_utc, last_modified_by, version) VALUES (396, 'Vicki', 'Timmer', '1962-01-01', 'D', '64027692', 6, null, '2024-03-23 10:48:56.692210', 0, null, null, 0);
INSERT INTO public.dsb_mitglied (dsb_mitglied_id, dsb_mitglied_vorname, dsb_mitglied_nachname, dsb_mitglied_geburtsdatum, dsb_mitglied_nationalitaet, dsb_mitglied_mitgliedsnummer, dsb_mitglied_verein_id, dsb_mitglied_benutzer_id, created_at_utc, created_by, last_modified_at_utc, last_modified_by, version) VALUES (406, 'Allegra', 'Bumgarner', '2001-01-01', 'D', '47734647', 7, null, '2024-03-23 10:48:56.692210', 0, null, null, 0);
INSERT INTO public.dsb_mitglied (dsb_mitglied_id, dsb_mitglied_vorname, dsb_mitglied_nachname, dsb_mitglied_geburtsdatum, dsb_mitglied_nationalitaet, dsb_mitglied_mitgliedsnummer, dsb_mitglied_verein_id, dsb_mitglied_benutzer_id, created_at_utc, created_by, last_modified_at_utc, last_modified_by, version) VALUES (407, 'Vertie', 'Speier', '1979-01-01', 'D', '77822807', 5, null, '2024-03-23 10:48:56.692210', 0, null, null, 0);
INSERT INTO public.dsb_mitglied (dsb_mitglied_id, dsb_mitglied_vorname, dsb_mitglied_nachname, dsb_mitglied_geburtsdatum, dsb_mitglied_nationalitaet, dsb_mitglied_mitgliedsnummer, dsb_mitglied_verein_id, dsb_mitglied_benutzer_id, created_at_utc, created_by, last_modified_at_utc, last_modified_by, version) VALUES (408, 'Barrie', 'Peet', '1980-01-01', 'D', '44172584', 6, null, '2024-03-23 10:48:56.692210', 0, null, null, 0);
INSERT INTO public.dsb_mitglied (dsb_mitglied_id, dsb_mitglied_vorname, dsb_mitglied_nachname, dsb_mitglied_geburtsdatum, dsb_mitglied_nationalitaet, dsb_mitglied_mitgliedsnummer, dsb_mitglied_verein_id, dsb_mitglied_benutzer_id, created_at_utc, created_by, last_modified_at_utc, last_modified_by, version) VALUES (440, 'Shirley', 'Bierce', '2002-01-01', 'D', '14655109', 10, null, '2024-03-23 10:48:56.692210', 0, null, null, 0);
INSERT INTO public.dsb_mitglied (dsb_mitglied_id, dsb_mitglied_vorname, dsb_mitglied_nachname, dsb_mitglied_geburtsdatum, dsb_mitglied_nationalitaet, dsb_mitglied_mitgliedsnummer, dsb_mitglied_verein_id, dsb_mitglied_benutzer_id, created_at_utc, created_by, last_modified_at_utc, last_modified_by, version) VALUES (441, 'Carletta', 'Hayden', '1984-01-01', 'D', '85999688', 1, null, '2024-03-23 10:48:56.692210', 0, null, null, 0);
INSERT INTO public.dsb_mitglied (dsb_mitglied_id, dsb_mitglied_vorname, dsb_mitglied_nachname, dsb_mitglied_geburtsdatum, dsb_mitglied_nationalitaet, dsb_mitglied_mitgliedsnummer, dsb_mitglied_verein_id, dsb_mitglied_benutzer_id, created_at_utc, created_by, last_modified_at_utc, last_modified_by, version) VALUES (442, 'Love', 'Hogan', '2002-01-01', 'D', '35480090', 7, null, '2024-03-23 10:48:56.692210', 0, null, null, 0);
INSERT INTO public.dsb_mitglied (dsb_mitglied_id, dsb_mitglied_vorname, dsb_mitglied_nachname, dsb_mitglied_geburtsdatum, dsb_mitglied_nationalitaet, dsb_mitglied_mitgliedsnummer, dsb_mitglied_verein_id, dsb_mitglied_benutzer_id, created_at_utc, created_by, last_modified_at_utc, last_modified_by, version) VALUES (443, 'Cierra', 'Marshell', '1982-01-01', 'D', '12991780', 5, null, '2024-03-23 10:48:56.692210', 0, null, null, 0);
INSERT INTO public.dsb_mitglied (dsb_mitglied_id, dsb_mitglied_vorname, dsb_mitglied_nachname, dsb_mitglied_geburtsdatum, dsb_mitglied_nationalitaet, dsb_mitglied_mitgliedsnummer, dsb_mitglied_verein_id, dsb_mitglied_benutzer_id, created_at_utc, created_by, last_modified_at_utc, last_modified_by, version) VALUES (447, 'Ouida', 'Shkreli', '1987-01-01', 'D', '35621209', 6, null, '2024-03-23 10:48:56.692210', 0, null, null, 0);
INSERT INTO public.dsb_mitglied (dsb_mitglied_id, dsb_mitglied_vorname, dsb_mitglied_nachname, dsb_mitglied_geburtsdatum, dsb_mitglied_nationalitaet, dsb_mitglied_mitgliedsnummer, dsb_mitglied_verein_id, dsb_mitglied_benutzer_id, created_at_utc, created_by, last_modified_at_utc, last_modified_by, version) VALUES (448, 'Burl', 'Hopkins', '1976-01-01', 'D', '77689293', 7, null, '2024-03-23 10:48:56.692210', 0, null, null, 0);
INSERT INTO public.dsb_mitglied (dsb_mitglied_id, dsb_mitglied_vorname, dsb_mitglied_nachname, dsb_mitglied_geburtsdatum, dsb_mitglied_nationalitaet, dsb_mitglied_mitgliedsnummer, dsb_mitglied_verein_id, dsb_mitglied_benutzer_id, created_at_utc, created_by, last_modified_at_utc, last_modified_by, version) VALUES (449, 'Scottie', 'Rickenbacker', '1961-01-01', 'D', '63481366', 10, null, '2024-03-23 10:48:56.692210', 0, null, null, 0);
INSERT INTO public.dsb_mitglied (dsb_mitglied_id, dsb_mitglied_vorname, dsb_mitglied_nachname, dsb_mitglied_geburtsdatum, dsb_mitglied_nationalitaet, dsb_mitglied_mitgliedsnummer, dsb_mitglied_verein_id, dsb_mitglied_benutzer_id, created_at_utc, created_by, last_modified_at_utc, last_modified_by, version) VALUES (450, 'Valarie', 'Mchugh', '1955-01-01', 'D', '73G69595', 5, null, '2024-03-23 10:48:56.692210', 0, null, null, 0);
INSERT INTO public.dsb_mitglied (dsb_mitglied_id, dsb_mitglied_vorname, dsb_mitglied_nachname, dsb_mitglied_geburtsdatum, dsb_mitglied_nationalitaet, dsb_mitglied_mitgliedsnummer, dsb_mitglied_verein_id, dsb_mitglied_benutzer_id, created_at_utc, created_by, last_modified_at_utc, last_modified_by, version) VALUES (451, 'Elin', 'Leitner', '1967-01-01', 'D', '68660172', 6, null, '2024-03-23 10:48:56.692210', 0, null, null, 0);
INSERT INTO public.dsb_mitglied (dsb_mitglied_id, dsb_mitglied_vorname, dsb_mitglied_nachname, dsb_mitglied_geburtsdatum, dsb_mitglied_nationalitaet, dsb_mitglied_mitgliedsnummer, dsb_mitglied_verein_id, dsb_mitglied_benutzer_id, created_at_utc, created_by, last_modified_at_utc, last_modified_by, version) VALUES (28, 'Nicholas', 'Corle', '1988-01-01', 'D', '89298571', 0, 4, '2024-03-23 10:48:56.692210', 0, null, null, 1);
INSERT INTO public.dsb_mitglied (dsb_mitglied_id, dsb_mitglied_vorname, dsb_mitglied_nachname, dsb_mitglied_geburtsdatum, dsb_mitglied_nationalitaet, dsb_mitglied_mitgliedsnummer, dsb_mitglied_verein_id, dsb_mitglied_benutzer_id, created_at_utc, created_by, last_modified_at_utc, last_modified_by, version) VALUES (30, 'Malorie', 'Artman', '1978-01-01', 'D', '80179421', 11, 5, '2024-03-23 10:48:56.692210', 0, null, null, 1);
INSERT INTO public.dsb_mitglied (dsb_mitglied_id, dsb_mitglied_vorname, dsb_mitglied_nachname, dsb_mitglied_geburtsdatum, dsb_mitglied_nationalitaet, dsb_mitglied_mitgliedsnummer, dsb_mitglied_verein_id, dsb_mitglied_benutzer_id, created_at_utc, created_by, last_modified_at_utc, last_modified_by, version) VALUES (1000, 'Gero', 'Gras', '1990-03-16', 'D', 'WT1009', 0, null, '2024-03-23 10:48:56.692210', 0, null, null, 0);
INSERT INTO public.dsb_mitglied (dsb_mitglied_id, dsb_mitglied_vorname, dsb_mitglied_nachname, dsb_mitglied_geburtsdatum, dsb_mitglied_nationalitaet, dsb_mitglied_mitgliedsnummer, dsb_mitglied_verein_id, dsb_mitglied_benutzer_id, created_at_utc, created_by, last_modified_at_utc, last_modified_by, version) VALUES (1004, 'SWT2_Vorname2', 'SWT2_Nachname2', '1995-12-25', 'DE', 'SWT2_Mitgliedsnummer2', 1000, null, '2021-01-28 21:05:40.587592', 0, null, null, 0);
INSERT INTO public.dsb_mitglied (dsb_mitglied_id, dsb_mitglied_vorname, dsb_mitglied_nachname, dsb_mitglied_geburtsdatum, dsb_mitglied_nationalitaet, dsb_mitglied_mitgliedsnummer, dsb_mitglied_verein_id, dsb_mitglied_benutzer_id, created_at_utc, created_by, last_modified_at_utc, last_modified_by, version) VALUES (1005, 'SWT2_Vorname3', 'SWT2_Nachname3', '1996-04-15', 'DE', 'SWT2_Mitgliedsnummer3', 1000, null, '2021-01-28 21:06:16.633635', 0, null, null, 0);
INSERT INTO public.dsb_mitglied (dsb_mitglied_id, dsb_mitglied_vorname, dsb_mitglied_nachname, dsb_mitglied_geburtsdatum, dsb_mitglied_nationalitaet, dsb_mitglied_mitgliedsnummer, dsb_mitglied_verein_id, dsb_mitglied_benutzer_id, created_at_utc, created_by, last_modified_at_utc, last_modified_by, version) VALUES (1006, 'SWT2_Vorname4', 'SWT2_Nachname4', '1995-04-15', 'DE', 'SWT2_Mitgliedsnummer4', 1001, null, '2021-01-28 21:06:57.191383', 0, null, null, 0);
INSERT INTO public.dsb_mitglied (dsb_mitglied_id, dsb_mitglied_vorname, dsb_mitglied_nachname, dsb_mitglied_geburtsdatum, dsb_mitglied_nationalitaet, dsb_mitglied_mitgliedsnummer, dsb_mitglied_verein_id, dsb_mitglied_benutzer_id, created_at_utc, created_by, last_modified_at_utc, last_modified_by, version) VALUES (1007, 'SWT2_Vorname5', 'SWT2_Nachname5', '1994-04-15', 'DE', 'SWT2_Mitgliedsnummer5', 1001, null, '2021-01-28 21:07:36.878604', 0, null, null, 0);
INSERT INTO public.dsb_mitglied (dsb_mitglied_id, dsb_mitglied_vorname, dsb_mitglied_nachname, dsb_mitglied_geburtsdatum, dsb_mitglied_nationalitaet, dsb_mitglied_mitgliedsnummer, dsb_mitglied_verein_id, dsb_mitglied_benutzer_id, created_at_utc, created_by, last_modified_at_utc, last_modified_by, version) VALUES (1008, 'SWT2_Vorname6', 'SWT2_Nachname6', '1995-12-15', 'DE', 'SWT2_Mitgliedsnummer6', 1001, null, '2021-01-28 21:08:06.834457', 0, null, null, 0);
INSERT INTO public.dsb_mitglied (dsb_mitglied_id, dsb_mitglied_vorname, dsb_mitglied_nachname, dsb_mitglied_geburtsdatum, dsb_mitglied_nationalitaet, dsb_mitglied_mitgliedsnummer, dsb_mitglied_verein_id, dsb_mitglied_benutzer_id, created_at_utc, created_by, last_modified_at_utc, last_modified_by, version) VALUES (1009, 'SWT2_Vorname7', 'SWT2_Nachname7', '1994-04-15', 'DE', 'SWT2_Mitgliedsnummer7', 1002, null, '2021-01-28 21:08:49.604368', 0, null, null, 0);
INSERT INTO public.dsb_mitglied (dsb_mitglied_id, dsb_mitglied_vorname, dsb_mitglied_nachname, dsb_mitglied_geburtsdatum, dsb_mitglied_nationalitaet, dsb_mitglied_mitgliedsnummer, dsb_mitglied_verein_id, dsb_mitglied_benutzer_id, created_at_utc, created_by, last_modified_at_utc, last_modified_by, version) VALUES (1010, 'SWT2_Vorname8', 'SWT2_Nachname8', '1995-12-25', 'DE', 'SWT2_Mitgliedsnummer8', 1002, null, '2021-01-28 21:09:20.959538', 0, null, null, 0);
INSERT INTO public.dsb_mitglied (dsb_mitglied_id, dsb_mitglied_vorname, dsb_mitglied_nachname, dsb_mitglied_geburtsdatum, dsb_mitglied_nationalitaet, dsb_mitglied_mitgliedsnummer, dsb_mitglied_verein_id, dsb_mitglied_benutzer_id, created_at_utc, created_by, last_modified_at_utc, last_modified_by, version) VALUES (1011, 'SWT2_Vorname9', 'SWT2_Nachname9', '1995-04-25', 'DE', 'SWT2_Mitgliedsnummer9', 1002, null, '2021-01-28 21:09:56.870332', 0, null, null, 0);
INSERT INTO public.dsb_mitglied (dsb_mitglied_id, dsb_mitglied_vorname, dsb_mitglied_nachname, dsb_mitglied_geburtsdatum, dsb_mitglied_nationalitaet, dsb_mitglied_mitgliedsnummer, dsb_mitglied_verein_id, dsb_mitglied_benutzer_id, created_at_utc, created_by, last_modified_at_utc, last_modified_by, version) VALUES (1012, 'SWT2_Vorname10', 'SWT2_Nachname10', '1994-04-15', 'DE', 'SWT2_Mitgliedsnummer10', 1003, null, '2021-01-28 21:10:29.149437', 0, null, null, 0);
INSERT INTO public.dsb_mitglied (dsb_mitglied_id, dsb_mitglied_vorname, dsb_mitglied_nachname, dsb_mitglied_geburtsdatum, dsb_mitglied_nationalitaet, dsb_mitglied_mitgliedsnummer, dsb_mitglied_verein_id, dsb_mitglied_benutzer_id, created_at_utc, created_by, last_modified_at_utc, last_modified_by, version) VALUES (1013, 'SWT2_Vorname11', 'SWT2_Nachname11', '1996-04-15', 'DE', 'SWT2_Mitgliedsnummer11', 1003, null, '2021-01-28 21:10:54.889412', 0, null, null, 0);
INSERT INTO public.dsb_mitglied (dsb_mitglied_id, dsb_mitglied_vorname, dsb_mitglied_nachname, dsb_mitglied_geburtsdatum, dsb_mitglied_nationalitaet, dsb_mitglied_mitgliedsnummer, dsb_mitglied_verein_id, dsb_mitglied_benutzer_id, created_at_utc, created_by, last_modified_at_utc, last_modified_by, version) VALUES (1014, 'SWT2_Vorname12', 'SWT2_Nachname12', '1995-04-16', 'DE', 'SWT2_Mitgliedsnummer12', 1003, null, '2021-01-28 21:11:34.157185', 0, null, null, 0);
INSERT INTO public.dsb_mitglied (dsb_mitglied_id, dsb_mitglied_vorname, dsb_mitglied_nachname, dsb_mitglied_geburtsdatum, dsb_mitglied_nationalitaet, dsb_mitglied_mitgliedsnummer, dsb_mitglied_verein_id, dsb_mitglied_benutzer_id, created_at_utc, created_by, last_modified_at_utc, last_modified_by, version) VALUES (1015, 'SWT2_Vorname13', 'SWT2_Nachname13', '1995-06-15', 'DE', 'SWT2_Mitgliedsnummer13', 1004, null, '2021-01-28 21:11:56.752077', 0, null, null, 0);
INSERT INTO public.dsb_mitglied (dsb_mitglied_id, dsb_mitglied_vorname, dsb_mitglied_nachname, dsb_mitglied_geburtsdatum, dsb_mitglied_nationalitaet, dsb_mitglied_mitgliedsnummer, dsb_mitglied_verein_id, dsb_mitglied_benutzer_id, created_at_utc, created_by, last_modified_at_utc, last_modified_by, version) VALUES (1016, 'SWT2_Vorname14', 'SWT2_Nachname14', '1993-04-14', 'DE', 'SWT2_Mitgliedsnummer14', 1004, null, '2021-01-28 21:12:25.868791', 0, null, null, 0);
INSERT INTO public.dsb_mitglied (dsb_mitglied_id, dsb_mitglied_vorname, dsb_mitglied_nachname, dsb_mitglied_geburtsdatum, dsb_mitglied_nationalitaet, dsb_mitglied_mitgliedsnummer, dsb_mitglied_verein_id, dsb_mitglied_benutzer_id, created_at_utc, created_by, last_modified_at_utc, last_modified_by, version) VALUES (1017, 'SWT2_Vorname15', 'SWT2_Nachname15', '1995-05-31', 'DE', 'SWT2_Mitgliedsnummer15', 1004, null, '2021-01-28 21:13:03.575064', 0, null, null, 0);
INSERT INTO public.dsb_mitglied (dsb_mitglied_id, dsb_mitglied_vorname, dsb_mitglied_nachname, dsb_mitglied_geburtsdatum, dsb_mitglied_nationalitaet, dsb_mitglied_mitgliedsnummer, dsb_mitglied_verein_id, dsb_mitglied_benutzer_id, created_at_utc, created_by, last_modified_at_utc, last_modified_by, version) VALUES (1018, 'SWT2_Vorname16', 'SWT2_Nachname16', '1995-05-05', 'DE', 'SWT2_Mitgliedsnummer16', 1005, null, '2021-01-28 21:13:33.725819', 0, null, null, 0);
INSERT INTO public.dsb_mitglied (dsb_mitglied_id, dsb_mitglied_vorname, dsb_mitglied_nachname, dsb_mitglied_geburtsdatum, dsb_mitglied_nationalitaet, dsb_mitglied_mitgliedsnummer, dsb_mitglied_verein_id, dsb_mitglied_benutzer_id, created_at_utc, created_by, last_modified_at_utc, last_modified_by, version) VALUES (1019, 'SWT2_Vorname17', 'SWT2_Nachname17', '1996-06-06', 'DE', 'SWT2_Mitgliedsnummer17', 1005, null, '2021-01-28 21:13:56.259058', 0, null, null, 0);
INSERT INTO public.dsb_mitglied (dsb_mitglied_id, dsb_mitglied_vorname, dsb_mitglied_nachname, dsb_mitglied_geburtsdatum, dsb_mitglied_nationalitaet, dsb_mitglied_mitgliedsnummer, dsb_mitglied_verein_id, dsb_mitglied_benutzer_id, created_at_utc, created_by, last_modified_at_utc, last_modified_by, version) VALUES (1020, 'SWT2_Vorname18', 'SWT2_Nachname18', '1994-04-15', 'DE', 'SWT2_Mitgliedsnummer18', 1005, null, '2021-01-28 21:14:25.023621', 0, null, null, 0);
INSERT INTO public.dsb_mitglied (dsb_mitglied_id, dsb_mitglied_vorname, dsb_mitglied_nachname, dsb_mitglied_geburtsdatum, dsb_mitglied_nationalitaet, dsb_mitglied_mitgliedsnummer, dsb_mitglied_verein_id, dsb_mitglied_benutzer_id, created_at_utc, created_by, last_modified_at_utc, last_modified_by, version) VALUES (1021, 'SWT2_Vorname19', 'SWT2_Nachname19', '1995-05-31', 'DE', 'SWT2_Mitgliedsnummer19', 1006, null, '2021-01-28 21:14:47.170032', 0, null, null, 0);
INSERT INTO public.dsb_mitglied (dsb_mitglied_id, dsb_mitglied_vorname, dsb_mitglied_nachname, dsb_mitglied_geburtsdatum, dsb_mitglied_nationalitaet, dsb_mitglied_mitgliedsnummer, dsb_mitglied_verein_id, dsb_mitglied_benutzer_id, created_at_utc, created_by, last_modified_at_utc, last_modified_by, version) VALUES (1022, 'SWT2_Vorname20', 'SWT2_Nachname20', '1995-04-25', 'DE', 'SWT2_Mitgliedsnummer20', 1006, null, '2021-01-28 21:15:16.532752', 0, null, null, 0);
INSERT INTO public.dsb_mitglied (dsb_mitglied_id, dsb_mitglied_vorname, dsb_mitglied_nachname, dsb_mitglied_geburtsdatum, dsb_mitglied_nationalitaet, dsb_mitglied_mitgliedsnummer, dsb_mitglied_verein_id, dsb_mitglied_benutzer_id, created_at_utc, created_by, last_modified_at_utc, last_modified_by, version) VALUES (1023, 'SWT2_Vorname21', 'SWT2_Nachname21', '1995-04-05', 'DE', 'SWT2_Mitgliedsnummer21', 1006, null, '2021-01-28 21:15:50.306845', 0, null, null, 0);
INSERT INTO public.dsb_mitglied (dsb_mitglied_id, dsb_mitglied_vorname, dsb_mitglied_nachname, dsb_mitglied_geburtsdatum, dsb_mitglied_nationalitaet, dsb_mitglied_mitgliedsnummer, dsb_mitglied_verein_id, dsb_mitglied_benutzer_id, created_at_utc, created_by, last_modified_at_utc, last_modified_by, version) VALUES (1024, 'SWT2_Vorname22', 'SWT2_Nachname22', '1995-06-06', 'DE', 'SWT2_Mitgliedsnummer22', 1007, null, '2021-01-28 21:16:26.836332', 0, null, null, 0);
INSERT INTO public.dsb_mitglied (dsb_mitglied_id, dsb_mitglied_vorname, dsb_mitglied_nachname, dsb_mitglied_geburtsdatum, dsb_mitglied_nationalitaet, dsb_mitglied_mitgliedsnummer, dsb_mitglied_verein_id, dsb_mitglied_benutzer_id, created_at_utc, created_by, last_modified_at_utc, last_modified_by, version) VALUES (1025, 'SWT2_Vorname23', 'SWT2_Nachname23', '1994-08-25', 'DE', 'SWT2_Mitgliedsnummer23', 1007, null, '2021-01-28 21:16:53.022911', 0, null, null, 0);
INSERT INTO public.dsb_mitglied (dsb_mitglied_id, dsb_mitglied_vorname, dsb_mitglied_nachname, dsb_mitglied_geburtsdatum, dsb_mitglied_nationalitaet, dsb_mitglied_mitgliedsnummer, dsb_mitglied_verein_id, dsb_mitglied_benutzer_id, created_at_utc, created_by, last_modified_at_utc, last_modified_by, version) VALUES (1026, 'SWT2_Vorname24', 'SWT2_Nachname24', '1996-12-19', 'DE', 'SWT2_Mitgliedsnummer24', 1007, null, '2021-01-28 21:17:26.379865', 0, null, null, 0);
INSERT INTO public.dsb_mitglied (dsb_mitglied_id, dsb_mitglied_vorname, dsb_mitglied_nachname, dsb_mitglied_geburtsdatum, dsb_mitglied_nationalitaet, dsb_mitglied_mitgliedsnummer, dsb_mitglied_verein_id, dsb_mitglied_benutzer_id, created_at_utc, created_by, last_modified_at_utc, last_modified_by, version) VALUES (1003, 'SWT2_Vorname1', 'SWT2_Nachname1', '1994-06-15', 'DE', 'SWT2_Mitgliedsnummer1', 1000, null, '2021-01-28 21:05:05.580670', 0, '2021-01-28 21:37:48.757403', 0, 6);
INSERT INTO public.dsb_mitglied (dsb_mitglied_id, dsb_mitglied_vorname, dsb_mitglied_nachname, dsb_mitglied_geburtsdatum, dsb_mitglied_nationalitaet, dsb_mitglied_mitgliedsnummer, dsb_mitglied_verein_id, dsb_mitglied_benutzer_id, created_at_utc, created_by, last_modified_at_utc, last_modified_by, version) VALUES (1, 'Platzhaltermitglied_Vorname1', 'Platzhaltermitlgied_Nachname1', '2021-06-30', 'DE', '69696969', 99, null, '2023-06-30 14:16:57.048792', 0, null, null, 0);
INSERT INTO public.dsb_mitglied (dsb_mitglied_id, dsb_mitglied_vorname, dsb_mitglied_nachname, dsb_mitglied_geburtsdatum, dsb_mitglied_nationalitaet, dsb_mitglied_mitgliedsnummer, dsb_mitglied_verein_id, dsb_mitglied_benutzer_id, created_at_utc, created_by, last_modified_at_utc, last_modified_by, version) VALUES (2, 'Platzhaltermitglied_Vorname2', 'Platzhaltermitglied_Nachname2', '2021-06-30', 'DE', '69696970', 99, null, '2023-06-30 14:16:57.048792', 0, null, null, 0);
INSERT INTO public.dsb_mitglied (dsb_mitglied_id, dsb_mitglied_vorname, dsb_mitglied_nachname, dsb_mitglied_geburtsdatum, dsb_mitglied_nationalitaet, dsb_mitglied_mitgliedsnummer, dsb_mitglied_verein_id, dsb_mitglied_benutzer_id, created_at_utc, created_by, last_modified_at_utc, last_modified_by, version) VALUES (3, 'Platzhaltermitglied_Vorname3', 'PlatzhaltermitgliedS_Nachname3', '2021-06-30', 'DE', '69696971', 99, null, '2023-06-30 14:16:57.048792', 0, null, null, 0);




INSERT INTO public.benutzer (benutzer_id, benutzer_email, benutzer_salt, benutzer_password, benutzer_using_2fa, benutzer_secret, created_at_utc, created_by, last_modified_at_utc, last_modified_by, version, benutzer_active, benutzer_dsb_mitglied_id) VALUES (1, 'admin@bogenliga.de', 'a9a2ef3c5a023acd2fc79ebd9c638e0ebb62db9c65fa42a6ca43d5d957a4bdf5413c8fc08ed8faf7204ba0fd5805ca638220b84d07c0690aed16ab3a2413142d', '0d31dec64a1029ea473fb10628bfa327be135d34f8013e7238f32c019bd0663a7feca101fd86ccee1339e79db86c5494b6e635bb5e21456f40a6722952c53079', false, null, '2024-03-23 10:48:56.692210', 0, null, null, 1, true, 1000);
INSERT INTO public.benutzer (benutzer_id, benutzer_email, benutzer_salt, benutzer_password, benutzer_using_2fa, benutzer_secret, created_at_utc, created_by, last_modified_at_utc, last_modified_by, version, benutzer_active, benutzer_dsb_mitglied_id) VALUES (2, 'moderator@bogenliga.de', 'dbed56d612f8fc8397a79a9e63cc67236ac63027e092adda7b02cbe7c65a4916683a572d71d3cefbcdcf86ee42136b1882ce75b189b1fe3a1457cc72ced3c6ea', '3afca75fad3ea4e11e3e1f4274221acb4f0a833e765b21c87098c18c9ebea67eec16f849cffc4f0010ea0f6879d0a8b88c4cfd64abfcd4762cf5c123e87f0a45', false, null, '2024-03-23 10:48:56.692210', 0, null, null, 1, true, 1000);
INSERT INTO public.benutzer (benutzer_id, benutzer_email, benutzer_salt, benutzer_password, benutzer_using_2fa, benutzer_secret, created_at_utc, created_by, last_modified_at_utc, last_modified_by, version, benutzer_active, benutzer_dsb_mitglied_id) VALUES (3, 'user@bogenliga.de', '99967378dbe9dcc2f13111a8d031b34918a3e45e311961587d34bdedf897d521e4e9c1808d3f393c351d6f09648feba88436573ba5019ca15d00050bf4d5857e', 'eac206585d6589abd083febda343f6ce00504791ef915da992dd09f695cecce06ddc92d58feb1967f95b8af2a78f0a78b79ba143870b16e14f62740d95dad594', false, null, '2024-03-23 10:48:56.692210', 0, null, null, 1, true, 1000);
INSERT INTO public.benutzer (benutzer_id, benutzer_email, benutzer_salt, benutzer_password, benutzer_using_2fa, benutzer_secret, created_at_utc, created_by, last_modified_at_utc, last_modified_by, version, benutzer_active, benutzer_dsb_mitglied_id) VALUES (4, 'Nicholas.Corle@bogenliga.de', '7e287c3b7f9f8a7193f007347d7fc784a647536892bd35fc7daee318917aa7544dff21b6454e56786cf8b9263df89811c3bf14309e04025d6b8e369240f61746', '4c2b281392d5667a043864ab4231f558eb686c4b28fd10797de60fee89a9e3d808ad31ec0d455f4f89fdc4db84efccdfa4f9d820e5ed5f577aab5e9288bf9196', false, null, '2024-03-23 10:48:56.692210', 0, null, null, 1, true, 1000);
INSERT INTO public.benutzer (benutzer_id, benutzer_email, benutzer_salt, benutzer_password, benutzer_using_2fa, benutzer_secret, created_at_utc, created_by, last_modified_at_utc, last_modified_by, version, benutzer_active, benutzer_dsb_mitglied_id) VALUES (5, 'Malorie.Artman@bogenliga.de', '7e287c3b7f9f8a7193f007347d7fc784a647536892bd35fc7daee318917aa7544dff21b6454e56786cf8b9263df89811c3bf14309e04025d6b8e369240f61746', '4c2b281392d5667a043864ab4231f558eb686c4b28fd10797de60fee89a9e3d808ad31ec0d455f4f89fdc4db84efccdfa4f9d820e5ed5f577aab5e9288bf9196', false, null, '2024-03-23 10:48:56.692210', 0, null, null, 1, true, 1000);
INSERT INTO public.benutzer (benutzer_id, benutzer_email, benutzer_salt, benutzer_password, benutzer_using_2fa, benutzer_secret, created_at_utc, created_by, last_modified_at_utc, last_modified_by, version, benutzer_active, benutzer_dsb_mitglied_id) VALUES (6, 'ligadefault', '99967378dbe9dcc2f13111a8d031b34918a3e45e311961587d34bdedf897d521e4e9c1808d3f393c351d6f09648feba88436573ba5019ca15d00050bf4d5857e', 'eac206585d6589abd083febda343f6ce00504791ef915da992dd09f695cecce06ddc92d58feb1967f95b8af2a78f0a78b79ba143870b16e14f62740d95dad594', false, null, '2024-03-23 10:48:56.692210', 0, null, null, 1, true, 1000);
INSERT INTO public.benutzer (benutzer_id, benutzer_email, benutzer_salt, benutzer_password, benutzer_using_2fa, benutzer_secret, created_at_utc, created_by, last_modified_at_utc, last_modified_by, version, benutzer_active, benutzer_dsb_mitglied_id) VALUES (7, 'TeamLigaleiter@bogenliga.de', '7e287c3b7f9f8a7193f007347d7fc784a647536892bd35fc7daee318917aa7544dff21b6454e56786cf8b9263df89811c3bf14309e04025d6b8e369240f61746', '4c2b281392d5667a043864ab4231f558eb686c4b28fd10797de60fee89a9e3d808ad31ec0d455f4f89fdc4db84efccdfa4f9d820e5ed5f577aab5e9288bf9196', false, null, '2024-03-23 10:48:56.692210', 0, null, null, 1, true, 1000);
INSERT INTO public.benutzer (benutzer_id, benutzer_email, benutzer_salt, benutzer_password, benutzer_using_2fa, benutzer_secret, created_at_utc, created_by, last_modified_at_utc, last_modified_by, version, benutzer_active, benutzer_dsb_mitglied_id) VALUES (8, 'TeamSportleiter@bogenliga.de', '7e287c3b7f9f8a7193f007347d7fc784a647536892bd35fc7daee318917aa7544dff21b6454e56786cf8b9263df89811c3bf14309e04025d6b8e369240f61746', '4c2b281392d5667a043864ab4231f558eb686c4b28fd10797de60fee89a9e3d808ad31ec0d455f4f89fdc4db84efccdfa4f9d820e5ed5f577aab5e9288bf9196', false, null, '2024-03-23 10:48:56.692210', 0, null, null, 1, true, 1000);
INSERT INTO public.benutzer (benutzer_id, benutzer_email, benutzer_salt, benutzer_password, benutzer_using_2fa, benutzer_secret, created_at_utc, created_by, last_modified_at_utc, last_modified_by, version, benutzer_active, benutzer_dsb_mitglied_id) VALUES (9, 'TeamModerator@bogenliga.de', '7e287c3b7f9f8a7193f007347d7fc784a647536892bd35fc7daee318917aa7544dff21b6454e56786cf8b9263df89811c3bf14309e04025d6b8e369240f61746', '4c2b281392d5667a043864ab4231f558eb686c4b28fd10797de60fee89a9e3d808ad31ec0d455f4f89fdc4db84efccdfa4f9d820e5ed5f577aab5e9288bf9196', false, null, '2024-03-23 10:48:56.692210', 0, null, null, 1, true, 1000);
INSERT INTO public.benutzer (benutzer_id, benutzer_email, benutzer_salt, benutzer_password, benutzer_using_2fa, benutzer_secret, created_at_utc, created_by, last_modified_at_utc, last_modified_by, version, benutzer_active, benutzer_dsb_mitglied_id) VALUES (10, 'HSRT-Test@bogenliga.de', 'c44e0172f2515ebf0234bdd0b4d315d87ce82d3a0f49d2e1a90340793b5b2a6e842e88d2cdba8e8c10f8eb6ab6bbdf6513faa37974a3bbe63d5492a79af2b149', 'df56be8bb98411714f09d62742e27349d9c93cd5c92f7e40ebdb8925e0d6aa368427e32187ee20efea9f2bb71714efa30a95e511eb7821daaa10b5097128eee7', false, null, '2024-03-23 10:48:57.721046', 0, null, null, 0, true, 1000);
INSERT INTO public.benutzer (benutzer_id, benutzer_email, benutzer_salt, benutzer_password, benutzer_using_2fa, benutzer_secret, created_at_utc, created_by, last_modified_at_utc, last_modified_by, version, benutzer_active, benutzer_dsb_mitglied_id) VALUES (11, 'HSRT-Test2@bogenliga.de', '8f80b5d6214975bd53a5563caf41a1e1bff02b1d2ae24f3eef329e2a436aeba97e6745cc911878878347bf98f6c132cd5d23bc67001d392f71fcb065bf9da003', '9485c2baf5590248734252fc0e79de9b4bdbbc2f796a8fd49840b3cdfd7a0f2ac83c3184e030a9e8c0c054df0469d3475dadfdc8d2f539d96fb7321308893726', false, null, '2024-03-23 10:48:57.721046', 0, null, null, 0, true, 1000);
INSERT INTO public.benutzer (benutzer_id, benutzer_email, benutzer_salt, benutzer_password, benutzer_using_2fa, benutzer_secret, created_at_utc, created_by, last_modified_at_utc, last_modified_by, version, benutzer_active, benutzer_dsb_mitglied_id) VALUES (12, 'HSRT-Test3@bogenliga.de', '0e39057bc2c9a6c0ff2fb24d0bfde0aa4dfe07b1c9775a247452b06702dc85c399db5d93f3599d272f3e9896af08a0814468b11e852400eca27475f0a4ba7b92', 'd98698f0feba34fea43ceaa7bf347566f84b1d2ffcfa01203d10b296dcf3a5d7f834dc25632d7ec7b068bbd498966023ef4b97926678d6a11c12285cf9d8e8b4', false, null, '2024-03-23 10:48:57.721046', 0, null, null, 0, true, 1000);




INSERT INTO public.benutzer_rolle (benutzer_rolle_benutzer_id, benutzer_rolle_rolle_id, created_at_utc, created_by, last_modified_at_utc, last_modified_by, version) VALUES (1, 1, '2024-03-23 10:48:57.525494', 0, null, null, 0);
INSERT INTO public.benutzer_rolle (benutzer_rolle_benutzer_id, benutzer_rolle_rolle_id, created_at_utc, created_by, last_modified_at_utc, last_modified_by, version) VALUES (2, 9, '2024-03-23 10:48:57.525494', 0, null, null, 0);
INSERT INTO public.benutzer_rolle (benutzer_rolle_benutzer_id, benutzer_rolle_rolle_id, created_at_utc, created_by, last_modified_at_utc, last_modified_by, version) VALUES (3, 6, '2024-03-23 10:48:57.525494', 0, null, null, 0);
INSERT INTO public.benutzer_rolle (benutzer_rolle_benutzer_id, benutzer_rolle_rolle_id, created_at_utc, created_by, last_modified_at_utc, last_modified_by, version) VALUES (4, 9, '2024-03-23 10:48:57.525494', 0, null, null, 0);
INSERT INTO public.benutzer_rolle (benutzer_rolle_benutzer_id, benutzer_rolle_rolle_id, created_at_utc, created_by, last_modified_at_utc, last_modified_by, version) VALUES (5, 6, '2024-03-23 10:48:57.525494', 0, null, null, 0);
INSERT INTO public.benutzer_rolle (benutzer_rolle_benutzer_id, benutzer_rolle_rolle_id, created_at_utc, created_by, last_modified_at_utc, last_modified_by, version) VALUES (6, 8, '2024-03-23 10:48:57.525494', 0, null, null, 0);
INSERT INTO public.benutzer_rolle (benutzer_rolle_benutzer_id, benutzer_rolle_rolle_id, created_at_utc, created_by, last_modified_at_utc, last_modified_by, version) VALUES (7, 2, '2024-03-23 10:48:57.525494', 0, null, null, 0);
INSERT INTO public.benutzer_rolle (benutzer_rolle_benutzer_id, benutzer_rolle_rolle_id, created_at_utc, created_by, last_modified_at_utc, last_modified_by, version) VALUES (8, 5, '2024-03-23 10:48:57.525494', 0, null, null, 0);
INSERT INTO public.benutzer_rolle (benutzer_rolle_benutzer_id, benutzer_rolle_rolle_id, created_at_utc, created_by, last_modified_at_utc, last_modified_by, version) VALUES (9, 9, '2024-03-23 10:48:57.525494', 0, null, null, 0);
INSERT INTO public.benutzer_rolle (benutzer_rolle_benutzer_id, benutzer_rolle_rolle_id, created_at_utc, created_by, last_modified_at_utc, last_modified_by, version) VALUES (10, 2, '2024-03-23 10:48:57.721046', 0, null, null, 0);
INSERT INTO public.benutzer_rolle (benutzer_rolle_benutzer_id, benutzer_rolle_rolle_id, created_at_utc, created_by, last_modified_at_utc, last_modified_by, version) VALUES (11, 4, '2024-03-23 10:48:57.721046', 0, null, null, 0);
INSERT INTO public.benutzer_rolle (benutzer_rolle_benutzer_id, benutzer_rolle_rolle_id, created_at_utc, created_by, last_modified_at_utc, last_modified_by, version) VALUES (12, 5, '2024-03-23 10:48:57.721046', 0, null, null, 0);







INSERT INTO public.liga (liga_id, liga_region_id, liga_name, liga_uebergeordnet, liga_verantwortlich, created_at_utc, created_by, last_modified_at_utc, last_modified_by, version, liga_disziplin_id, liga_detail, liga_file_base64, liga_file_name, liga_file_type) VALUES (1, 0, 'Bundesliga', null, 1, '2024-03-24 08:20:21.434023', 0, null, null, 0, 0, '', '', '', '');
INSERT INTO public.liga (liga_id, liga_region_id, liga_name, liga_uebergeordnet, liga_verantwortlich, created_at_utc, created_by, last_modified_at_utc, last_modified_by, version, liga_disziplin_id, liga_detail, liga_file_base64, liga_file_name, liga_file_type) VALUES (2, 1, 'Württembergliga Recurve', 1, 1, '2024-03-24 08:20:21.434023', 0, null, null, 0, 0, '', '', '', '');
INSERT INTO public.liga (liga_id, liga_region_id, liga_name, liga_uebergeordnet, liga_verantwortlich, created_at_utc, created_by, last_modified_at_utc, last_modified_by, version, liga_disziplin_id, liga_detail, liga_file_base64, liga_file_name, liga_file_type) VALUES (3, 1, 'Landesliga Nord Recurve', 2, 1, '2024-03-24 08:20:21.434023', 0, null, null, 0, 0, '', '', '', '');
INSERT INTO public.liga (liga_id, liga_region_id, liga_name, liga_uebergeordnet, liga_verantwortlich, created_at_utc, created_by, last_modified_at_utc, last_modified_by, version, liga_disziplin_id, liga_detail, liga_file_base64, liga_file_name, liga_file_type) VALUES (4, 1, 'Landesliga Süd Recurve', 2, 1, '2024-03-24 08:20:21.434023', 0, null, null, 0, 0, '', '', '', '');
INSERT INTO public.liga (liga_id, liga_region_id, liga_name, liga_uebergeordnet, liga_verantwortlich, created_at_utc, created_by, last_modified_at_utc, last_modified_by, version, liga_disziplin_id, liga_detail, liga_file_base64, liga_file_name, liga_file_type) VALUES (5, 3, 'Bezirksoberliga', 3, 1, '2024-03-24 08:20:21.434023', 0, null, null, 0, 0, '', '', '', '');
INSERT INTO public.liga (liga_id, liga_region_id, liga_name, liga_uebergeordnet, liga_verantwortlich, created_at_utc, created_by, last_modified_at_utc, last_modified_by, version, liga_disziplin_id, liga_detail, liga_file_base64, liga_file_name, liga_file_type) VALUES (6, 3, 'Bezirksliga A', 5, 1, '2024-03-24 08:20:21.434023', 0, null, null, 0, 0, '', '', '', '');
INSERT INTO public.liga (liga_id, liga_region_id, liga_name, liga_uebergeordnet, liga_verantwortlich, created_at_utc, created_by, last_modified_at_utc, last_modified_by, version, liga_disziplin_id, liga_detail, liga_file_base64, liga_file_name, liga_file_type) VALUES (7, 3, 'Bezirksliga B', 6, 1, '2024-03-24 08:20:21.434023', 0, null, null, 0, 0, '', '', '', '');
INSERT INTO public.liga (liga_id, liga_region_id, liga_name, liga_uebergeordnet, liga_verantwortlich, created_at_utc, created_by, last_modified_at_utc, last_modified_by, version, liga_disziplin_id, liga_detail, liga_file_base64, liga_file_name, liga_file_type) VALUES (1000, 1000, 'SWT2_Liga', null, 1, '2021-01-28 20:49:53.144871', 0, '2021-01-28 22:11:12.685431', null, 5, 0, '', '', '', '');
INSERT INTO public.liga (liga_id, liga_region_id, liga_name, liga_uebergeordnet, liga_verantwortlich, created_at_utc, created_by, last_modified_at_utc, last_modified_by, version, liga_disziplin_id, liga_detail, liga_file_base64, liga_file_name, liga_file_type) VALUES (8, 1, 'Regionalliga Südwest', 1, 1, '2021-01-28 20:49:06.337792', 0, null, null, 0, 0, '', '', '', '');
INSERT INTO public.liga (liga_id, liga_region_id, liga_name, liga_uebergeordnet, liga_verantwortlich, created_at_utc, created_by, last_modified_at_utc, last_modified_by, version, liga_disziplin_id, liga_detail, liga_file_base64, liga_file_name, liga_file_type) VALUES (9, 1, 'Relegation Landesliga Nord', 3, 1, '2021-01-28 20:49:06.337792', 0, null, null, 0, 0, '', '', '', '');
INSERT INTO public.liga (liga_id, liga_region_id, liga_name, liga_uebergeordnet, liga_verantwortlich, created_at_utc, created_by, last_modified_at_utc, last_modified_by, version, liga_disziplin_id, liga_detail, liga_file_base64, liga_file_name, liga_file_type) VALUES (10, 1, 'Relegation Landesliga Süd', 4, 1, '2021-01-28 20:49:06.337792', 0, null, null, 0, 0, '', '', '', '');
INSERT INTO public.liga (liga_id, liga_region_id, liga_name, liga_uebergeordnet, liga_verantwortlich, created_at_utc, created_by, last_modified_at_utc, last_modified_by, version, liga_disziplin_id, liga_detail, liga_file_base64, liga_file_name, liga_file_type) VALUES (11, 3, 'Bezirksoberliga Neckar', 10, 1, '2021-01-28 20:49:06.337792', 0, null, null, 0, 0, '', '', '', '');
INSERT INTO public.liga (liga_id, liga_region_id, liga_name, liga_uebergeordnet, liga_verantwortlich, created_at_utc, created_by, last_modified_at_utc, last_modified_by, version, liga_disziplin_id, liga_detail, liga_file_base64, liga_file_name, liga_file_type) VALUES (12, 3, 'Bezirksoberliga Oberschwaben', 10, 1, '2021-01-28 20:49:06.337792', 0, null, null, 0, 0, '', '', '', '');
INSERT INTO public.liga (liga_id, liga_region_id, liga_name, liga_uebergeordnet, liga_verantwortlich, created_at_utc, created_by, last_modified_at_utc, last_modified_by, version, liga_disziplin_id, liga_detail, liga_file_base64, liga_file_name, liga_file_type) VALUES (13, 3, 'Bezirksliga A Neckar', 11, 1, '2021-01-28 20:49:06.337792', 0, null, null, 0, 0, '', '', '', '');
INSERT INTO public.liga (liga_id, liga_region_id, liga_name, liga_uebergeordnet, liga_verantwortlich, created_at_utc, created_by, last_modified_at_utc, last_modified_by, version, liga_disziplin_id, liga_detail, liga_file_base64, liga_file_name, liga_file_type) VALUES (14, 3, 'Bezirksliga A Oberschwaben', 12, 1, '2021-01-28 20:49:06.337792', 0, null, null, 0, 0, '', '', '', '');
INSERT INTO public.liga (liga_id, liga_region_id, liga_name, liga_uebergeordnet, liga_verantwortlich, created_at_utc, created_by, last_modified_at_utc, last_modified_by, version, liga_disziplin_id, liga_detail, liga_file_base64, liga_file_name, liga_file_type) VALUES (15, 3, 'Bezirksliga B Oberschwaben', 14, 1, '2021-01-28 20:49:06.337792', 0, null, null, 0, 0, '', '', '', '');
INSERT INTO public.liga (liga_id, liga_region_id, liga_name, liga_uebergeordnet, liga_verantwortlich, created_at_utc, created_by, last_modified_at_utc, last_modified_by, version, liga_disziplin_id, liga_detail, liga_file_base64, liga_file_name, liga_file_type) VALUES (16, 1, 'Württembergliga Compound', 1, 1, '2021-01-28 20:49:06.337792', 0, null, null, 0, 0, '', '', '', '');
INSERT INTO public.liga (liga_id, liga_region_id, liga_name, liga_uebergeordnet, liga_verantwortlich, created_at_utc, created_by, last_modified_at_utc, last_modified_by, version, liga_disziplin_id, liga_detail, liga_file_base64, liga_file_name, liga_file_type) VALUES (17, 1, 'Landesliga A Compound', 16, 1, '2021-01-28 20:49:06.337792', 0, null, null, 0, 0, '', '', '', '');
INSERT INTO public.liga (liga_id, liga_region_id, liga_name, liga_uebergeordnet, liga_verantwortlich, created_at_utc, created_by, last_modified_at_utc, last_modified_by, version, liga_disziplin_id, liga_detail, liga_file_base64, liga_file_name, liga_file_type) VALUES (18, 1, 'Landesliga B Compound', 17, 1, '2021-01-28 20:49:06.337792', 0, null, null, 0, 0, '', '', '', '');
INSERT INTO public.liga (liga_id, liga_region_id, liga_name, liga_uebergeordnet, liga_verantwortlich, created_at_utc, created_by, last_modified_at_utc, last_modified_by, version, liga_disziplin_id, liga_detail, liga_file_base64, liga_file_name, liga_file_type) VALUES (19, 1, 'Württembergliga Compound Finale', 1, 1, '2021-01-28 20:49:06.337792', 0, null, null, 0, 0, '', '', '', '');



INSERT INTO public.veranstaltung (veranstaltung_id, veranstaltung_wettkampftyp_id, veranstaltung_name, veranstaltung_sportjahr, veranstaltung_meldedeadline, veranstaltung_ligaleiter_id, created_at_utc, created_by, last_modified_at_utc, last_modified_by, version, veranstaltung_liga_id, veranstaltung_phase, veranstaltung_groesse) VALUES (1, 1, 'Landesliga Nord', 2018, '2017-10-31', 2, '2024-03-24 17:04:13.845297', 0, null, null, 1, 3, 1, 8);
INSERT INTO public.veranstaltung (veranstaltung_id, veranstaltung_wettkampftyp_id, veranstaltung_name, veranstaltung_sportjahr, veranstaltung_meldedeadline, veranstaltung_ligaleiter_id, created_at_utc, created_by, last_modified_at_utc, last_modified_by, version, veranstaltung_liga_id, veranstaltung_phase, veranstaltung_groesse) VALUES (2, 1, 'Landesliga Süd', 2018, '2017-10-31', 2, '2024-03-24 17:04:13.845297', 0, null, null, 1, 4, 1, 8);
INSERT INTO public.veranstaltung (veranstaltung_id, veranstaltung_wettkampftyp_id, veranstaltung_name, veranstaltung_sportjahr, veranstaltung_meldedeadline, veranstaltung_ligaleiter_id, created_at_utc, created_by, last_modified_at_utc, last_modified_by, version, veranstaltung_liga_id, veranstaltung_phase, veranstaltung_groesse) VALUES (3, 0, 'Relegation Landesliga Nord', 2018, '2017-10-31', 2, '2024-03-24 17:04:13.845297', 0, null, null, 2, 9, 1, 8);
INSERT INTO public.veranstaltung (veranstaltung_id, veranstaltung_wettkampftyp_id, veranstaltung_name, veranstaltung_sportjahr, veranstaltung_meldedeadline, veranstaltung_ligaleiter_id, created_at_utc, created_by, last_modified_at_utc, last_modified_by, version, veranstaltung_liga_id, veranstaltung_phase, veranstaltung_groesse) VALUES (4, 0, 'Relegation Landesliga Süd', 2018, '2017-10-31', 2, '2024-03-24 17:04:13.845297', 0, null, null, 2, 10, 1, 8);
INSERT INTO public.veranstaltung (veranstaltung_id, veranstaltung_wettkampftyp_id, veranstaltung_name, veranstaltung_sportjahr, veranstaltung_meldedeadline, veranstaltung_ligaleiter_id, created_at_utc, created_by, last_modified_at_utc, last_modified_by, version, veranstaltung_liga_id, veranstaltung_phase, veranstaltung_groesse) VALUES (5, 0, 'Bezirksoberliga Neckar', 2018, '2017-10-31', 2, '2024-03-24 17:04:13.845297', 0, null, null, 2, 11, 1, 8);
INSERT INTO public.veranstaltung (veranstaltung_id, veranstaltung_wettkampftyp_id, veranstaltung_name, veranstaltung_sportjahr, veranstaltung_meldedeadline, veranstaltung_ligaleiter_id, created_at_utc, created_by, last_modified_at_utc, last_modified_by, version, veranstaltung_liga_id, veranstaltung_phase, veranstaltung_groesse) VALUES (6, 1, 'Bezirksliga A Neckar', 2018, '2017-10-31', 2, '2024-03-24 17:04:13.845297', 0, null, null, 2, 13, 1, 8);
INSERT INTO public.veranstaltung (veranstaltung_id, veranstaltung_wettkampftyp_id, veranstaltung_name, veranstaltung_sportjahr, veranstaltung_meldedeadline, veranstaltung_ligaleiter_id, created_at_utc, created_by, last_modified_at_utc, last_modified_by, version, veranstaltung_liga_id, veranstaltung_phase, veranstaltung_groesse) VALUES (7, 1, 'Bezirksoberliga Oberschwaben', 2018, '2017-10-31', 2, '2024-03-24 17:04:13.845297', 0, null, null, 2, 12, 1, 8);
INSERT INTO public.veranstaltung (veranstaltung_id, veranstaltung_wettkampftyp_id, veranstaltung_name, veranstaltung_sportjahr, veranstaltung_meldedeadline, veranstaltung_ligaleiter_id, created_at_utc, created_by, last_modified_at_utc, last_modified_by, version, veranstaltung_liga_id, veranstaltung_phase, veranstaltung_groesse) VALUES (8, 0, 'Bezirksliga A Oberschwaben', 2018, '2017-10-31', 2, '2024-03-24 17:04:13.845297', 0, null, null, 2, 14, 1, 8);
INSERT INTO public.veranstaltung (veranstaltung_id, veranstaltung_wettkampftyp_id, veranstaltung_name, veranstaltung_sportjahr, veranstaltung_meldedeadline, veranstaltung_ligaleiter_id, created_at_utc, created_by, last_modified_at_utc, last_modified_by, version, veranstaltung_liga_id, veranstaltung_phase, veranstaltung_groesse) VALUES (9, 1, 'Bezirksliga B Oberschwaben', 2018, '2017-10-31', 2, '2024-03-24 17:04:13.845297', 0, null, null, 2, 15, 1, 8);
INSERT INTO public.veranstaltung (veranstaltung_id, veranstaltung_wettkampftyp_id, veranstaltung_name, veranstaltung_sportjahr, veranstaltung_meldedeadline, veranstaltung_ligaleiter_id, created_at_utc, created_by, last_modified_at_utc, last_modified_by, version, veranstaltung_liga_id, veranstaltung_phase, veranstaltung_groesse) VALUES (20, 1, 'Bawü Compound Finale', 2018, '2017-10-31', 2, '2024-03-24 17:04:13.845297', 0, null, null, 2, 19, 1, 8);
INSERT INTO public.veranstaltung (veranstaltung_id, veranstaltung_wettkampftyp_id, veranstaltung_name, veranstaltung_sportjahr, veranstaltung_meldedeadline, veranstaltung_ligaleiter_id, created_at_utc, created_by, last_modified_at_utc, last_modified_by, version, veranstaltung_liga_id, veranstaltung_phase, veranstaltung_groesse) VALUES (21, 0, 'Württembergliga Compound', 2018, '2017-10-31', 2, '2024-03-24 17:04:13.845297', 0, null, null, 2, 16, 1, 8);
INSERT INTO public.veranstaltung (veranstaltung_id, veranstaltung_wettkampftyp_id, veranstaltung_name, veranstaltung_sportjahr, veranstaltung_meldedeadline, veranstaltung_ligaleiter_id, created_at_utc, created_by, last_modified_at_utc, last_modified_by, version, veranstaltung_liga_id, veranstaltung_phase, veranstaltung_groesse) VALUES (22, 0, 'Landesliga A Compound', 2016, '2015-10-31', 2, '2024-03-24 17:04:13.845297', 0, null, null, 2, 17, 1, 8);
INSERT INTO public.veranstaltung (veranstaltung_id, veranstaltung_wettkampftyp_id, veranstaltung_name, veranstaltung_sportjahr, veranstaltung_meldedeadline, veranstaltung_ligaleiter_id, created_at_utc, created_by, last_modified_at_utc, last_modified_by, version, veranstaltung_liga_id, veranstaltung_phase, veranstaltung_groesse) VALUES (23, 0, 'Landesliga B Compound', 2016, '2015-10-31', 2, '2024-03-24 17:04:13.845297', 0, null, null, 2, 18, 1, 8);
INSERT INTO public.veranstaltung (veranstaltung_id, veranstaltung_wettkampftyp_id, veranstaltung_name, veranstaltung_sportjahr, veranstaltung_meldedeadline, veranstaltung_ligaleiter_id, created_at_utc, created_by, last_modified_at_utc, last_modified_by, version, veranstaltung_liga_id, veranstaltung_phase, veranstaltung_groesse) VALUES (1001, 1, 'SWT2_Veranstaltung', 2018, '2017-11-01', 2, '2021-01-28 20:51:23.509994', 0, null, null, 1, 1000, 2, 8);
INSERT INTO public.veranstaltung (veranstaltung_id, veranstaltung_wettkampftyp_id, veranstaltung_name, veranstaltung_sportjahr, veranstaltung_meldedeadline, veranstaltung_ligaleiter_id, created_at_utc, created_by, last_modified_at_utc, last_modified_by, version, veranstaltung_liga_id, veranstaltung_phase, veranstaltung_groesse) VALUES (0, 1, 'Würtembergliga', 2018, '2017-10-31', 2, '2024-03-24 17:04:13.845297', 0, null, null, 2, 2, 2, 8);
INSERT INTO public.veranstaltung (veranstaltung_id, veranstaltung_wettkampftyp_id, veranstaltung_name, veranstaltung_sportjahr, veranstaltung_meldedeadline, veranstaltung_ligaleiter_id, created_at_utc, created_by, last_modified_at_utc, last_modified_by, version, veranstaltung_liga_id, veranstaltung_phase, veranstaltung_groesse) VALUES (1100, 1, 'SWT2_Veranstaltung', 2016, '2017-11-01', 2, '2021-01-28 20:51:23.509994', 0, null, null, 1, 1000, 2, 8);



INSERT INTO public.mannschaft (mannschaft_id, mannschaft_verein_id, mannschaft_nummer, mannschaft_benutzer_id, mannschaft_veranstaltung_id, created_at_utc, created_by, last_modified_at_utc, last_modified_by, version, mannschaft_sortierung) VALUES (101, 0, 1, 4, 0, '2024-03-23 10:48:56.692210', 0, null, null, 0, 0);
INSERT INTO public.mannschaft (mannschaft_id, mannschaft_verein_id, mannschaft_nummer, mannschaft_benutzer_id, mannschaft_veranstaltung_id, created_at_utc, created_by, last_modified_at_utc, last_modified_by, version, mannschaft_sortierung) VALUES (102, 1, 1, 4, 0, '2024-03-23 10:48:56.692210', 0, null, null, 0, 0);
INSERT INTO public.mannschaft (mannschaft_id, mannschaft_verein_id, mannschaft_nummer, mannschaft_benutzer_id, mannschaft_veranstaltung_id, created_at_utc, created_by, last_modified_at_utc, last_modified_by, version, mannschaft_sortierung) VALUES (103, 11, 1, 4, 0, '2024-03-23 10:48:56.692210', 0, null, null, 0, 0);
INSERT INTO public.mannschaft (mannschaft_id, mannschaft_verein_id, mannschaft_nummer, mannschaft_benutzer_id, mannschaft_veranstaltung_id, created_at_utc, created_by, last_modified_at_utc, last_modified_by, version, mannschaft_sortierung) VALUES (104, 3, 1, 4, 0, '2024-03-23 10:48:56.692210', 0, null, null, 0, 0);
INSERT INTO public.mannschaft (mannschaft_id, mannschaft_verein_id, mannschaft_nummer, mannschaft_benutzer_id, mannschaft_veranstaltung_id, created_at_utc, created_by, last_modified_at_utc, last_modified_by, version, mannschaft_sortierung) VALUES (105, 5, 1, 5, 0, '2024-03-23 10:48:56.692210', 0, null, null, 0, 0);
INSERT INTO public.mannschaft (mannschaft_id, mannschaft_verein_id, mannschaft_nummer, mannschaft_benutzer_id, mannschaft_veranstaltung_id, created_at_utc, created_by, last_modified_at_utc, last_modified_by, version, mannschaft_sortierung) VALUES (106, 7, 1, 5, 0, '2024-03-23 10:48:56.692210', 0, null, null, 0, 0);
INSERT INTO public.mannschaft (mannschaft_id, mannschaft_verein_id, mannschaft_nummer, mannschaft_benutzer_id, mannschaft_veranstaltung_id, created_at_utc, created_by, last_modified_at_utc, last_modified_by, version, mannschaft_sortierung) VALUES (107, 9, 1, 5, 0, '2024-03-23 10:48:56.692210', 0, null, null, 0, 0);
INSERT INTO public.mannschaft (mannschaft_id, mannschaft_verein_id, mannschaft_nummer, mannschaft_benutzer_id, mannschaft_veranstaltung_id, created_at_utc, created_by, last_modified_at_utc, last_modified_by, version, mannschaft_sortierung) VALUES (108, 12, 1, 5, 0, '2024-03-23 10:48:56.692210', 0, null, null, 0, 0);
INSERT INTO public.mannschaft (mannschaft_id, mannschaft_verein_id, mannschaft_nummer, mannschaft_benutzer_id, mannschaft_veranstaltung_id, created_at_utc, created_by, last_modified_at_utc, last_modified_by, version, mannschaft_sortierung) VALUES (1024, 1000, 1, 1, 1001, '2021-01-28 21:00:11.394075', 0, '2021-01-28 21:48:09.556698', 0, 1, 1);
INSERT INTO public.mannschaft (mannschaft_id, mannschaft_verein_id, mannschaft_nummer, mannschaft_benutzer_id, mannschaft_veranstaltung_id, created_at_utc, created_by, last_modified_at_utc, last_modified_by, version, mannschaft_sortierung) VALUES (1025, 1001, 1, 1, 1001, '2021-01-28 21:00:43.142338', 0, '2021-01-28 21:48:17.524456', 0, 1, 2);
INSERT INTO public.mannschaft (mannschaft_id, mannschaft_verein_id, mannschaft_nummer, mannschaft_benutzer_id, mannschaft_veranstaltung_id, created_at_utc, created_by, last_modified_at_utc, last_modified_by, version, mannschaft_sortierung) VALUES (1026, 1002, 1, 1, 1001, '2021-01-28 21:01:08.275465', 0, '2021-01-28 21:48:23.795492', 0, 1, 3);
INSERT INTO public.mannschaft (mannschaft_id, mannschaft_verein_id, mannschaft_nummer, mannschaft_benutzer_id, mannschaft_veranstaltung_id, created_at_utc, created_by, last_modified_at_utc, last_modified_by, version, mannschaft_sortierung) VALUES (1027, 1003, 1, 1, 1001, '2021-01-28 21:01:28.311192', 0, '2021-01-28 21:48:34.621671', 0, 1, 4);
INSERT INTO public.mannschaft (mannschaft_id, mannschaft_verein_id, mannschaft_nummer, mannschaft_benutzer_id, mannschaft_veranstaltung_id, created_at_utc, created_by, last_modified_at_utc, last_modified_by, version, mannschaft_sortierung) VALUES (1028, 1004, 1, 1, 1001, '2021-01-28 21:01:47.911814', 0, '2021-01-28 21:48:43.423246', 0, 1, 5);
INSERT INTO public.mannschaft (mannschaft_id, mannschaft_verein_id, mannschaft_nummer, mannschaft_benutzer_id, mannschaft_veranstaltung_id, created_at_utc, created_by, last_modified_at_utc, last_modified_by, version, mannschaft_sortierung) VALUES (1029, 1005, 1, 1, 1001, '2021-01-28 21:02:05.553734', 0, '2021-01-28 21:48:52.387271', 0, 1, 6);
INSERT INTO public.mannschaft (mannschaft_id, mannschaft_verein_id, mannschaft_nummer, mannschaft_benutzer_id, mannschaft_veranstaltung_id, created_at_utc, created_by, last_modified_at_utc, last_modified_by, version, mannschaft_sortierung) VALUES (1030, 1006, 1, 1, 1001, '2021-01-28 21:02:32.074300', 0, '2021-01-28 21:49:01.730478', 0, 1, 7);
INSERT INTO public.mannschaft (mannschaft_id, mannschaft_verein_id, mannschaft_nummer, mannschaft_benutzer_id, mannschaft_veranstaltung_id, created_at_utc, created_by, last_modified_at_utc, last_modified_by, version, mannschaft_sortierung) VALUES (1031, 1007, 1, 1, 1001, '2021-01-28 21:02:53.656024', 0, '2021-01-28 21:49:09.508576', 0, 1, 8);


INSERT INTO public.mannschaftsmitglied (mannschaftsmitglied_id, mannschaftsmitglied_mannschaft_id, mannschaftsmitglied_dsb_mitglied_id, mannschaftsmitglied_dsb_mitglied_eingesetzt, created_at_utc, created_by, last_modified_at_utc, last_modified_by, version, mannschaftsmitglied_rueckennummer) VALUES (1029, 108, 180, 2, '2024-03-23 10:48:56.692210', 0, null, null, 1, 1);
INSERT INTO public.mannschaftsmitglied (mannschaftsmitglied_id, mannschaftsmitglied_mannschaft_id, mannschaftsmitglied_dsb_mitglied_id, mannschaftsmitglied_dsb_mitglied_eingesetzt, created_at_utc, created_by, last_modified_at_utc, last_modified_by, version, mannschaftsmitglied_rueckennummer) VALUES (1030, 108, 220, 2, '2024-03-23 10:48:56.692210', 0, null, null, 1, 2);
INSERT INTO public.mannschaftsmitglied (mannschaftsmitglied_id, mannschaftsmitglied_mannschaft_id, mannschaftsmitglied_dsb_mitglied_id, mannschaftsmitglied_dsb_mitglied_eingesetzt, created_at_utc, created_by, last_modified_at_utc, last_modified_by, version, mannschaftsmitglied_rueckennummer) VALUES (1031, 108, 127, 2, '2024-03-23 10:48:56.692210', 0, null, null, 1, 3);
INSERT INTO public.mannschaftsmitglied (mannschaftsmitglied_id, mannschaftsmitglied_mannschaft_id, mannschaftsmitglied_dsb_mitglied_id, mannschaftsmitglied_dsb_mitglied_eingesetzt, created_at_utc, created_by, last_modified_at_utc, last_modified_by, version, mannschaftsmitglied_rueckennummer) VALUES (1014, 104, 189, 2, '2024-03-23 10:48:56.692210', 0, null, null, 1, 1);
INSERT INTO public.mannschaftsmitglied (mannschaftsmitglied_id, mannschaftsmitglied_mannschaft_id, mannschaftsmitglied_dsb_mitglied_id, mannschaftsmitglied_dsb_mitglied_eingesetzt, created_at_utc, created_by, last_modified_at_utc, last_modified_by, version, mannschaftsmitglied_rueckennummer) VALUES (1015, 104, 193, 2, '2024-03-23 10:48:56.692210', 0, null, null, 1, 2);
INSERT INTO public.mannschaftsmitglied (mannschaftsmitglied_id, mannschaftsmitglied_mannschaft_id, mannschaftsmitglied_dsb_mitglied_id, mannschaftsmitglied_dsb_mitglied_eingesetzt, created_at_utc, created_by, last_modified_at_utc, last_modified_by, version, mannschaftsmitglied_rueckennummer) VALUES (1016, 104, 249, 2, '2024-03-23 10:48:56.692210', 0, null, null, 1, 3);
INSERT INTO public.mannschaftsmitglied (mannschaftsmitglied_id, mannschaftsmitglied_mannschaft_id, mannschaftsmitglied_dsb_mitglied_id, mannschaftsmitglied_dsb_mitglied_eingesetzt, created_at_utc, created_by, last_modified_at_utc, last_modified_by, version, mannschaftsmitglied_rueckennummer) VALUES (1007, 103, 30, 0, '2024-03-23 10:48:56.692210', 0, null, null, 1, 1);
INSERT INTO public.mannschaftsmitglied (mannschaftsmitglied_id, mannschaftsmitglied_mannschaft_id, mannschaftsmitglied_dsb_mitglied_id, mannschaftsmitglied_dsb_mitglied_eingesetzt, created_at_utc, created_by, last_modified_at_utc, last_modified_by, version, mannschaftsmitglied_rueckennummer) VALUES (1008, 103, 32, 0, '2024-03-23 10:48:56.692210', 0, null, null, 1, 2);
INSERT INTO public.mannschaftsmitglied (mannschaftsmitglied_id, mannschaftsmitglied_mannschaft_id, mannschaftsmitglied_dsb_mitglied_id, mannschaftsmitglied_dsb_mitglied_eingesetzt, created_at_utc, created_by, last_modified_at_utc, last_modified_by, version, mannschaftsmitglied_rueckennummer) VALUES (1009, 103, 48, 0, '2024-03-23 10:48:56.692210', 0, null, null, 1, 3);
INSERT INTO public.mannschaftsmitglied (mannschaftsmitglied_id, mannschaftsmitglied_mannschaft_id, mannschaftsmitglied_dsb_mitglied_id, mannschaftsmitglied_dsb_mitglied_eingesetzt, created_at_utc, created_by, last_modified_at_utc, last_modified_by, version, mannschaftsmitglied_rueckennummer) VALUES (1010, 103, 71, 2, '2024-03-23 10:48:56.692210', 0, null, null, 1, 4);
INSERT INTO public.mannschaftsmitglied (mannschaftsmitglied_id, mannschaftsmitglied_mannschaft_id, mannschaftsmitglied_dsb_mitglied_id, mannschaftsmitglied_dsb_mitglied_eingesetzt, created_at_utc, created_by, last_modified_at_utc, last_modified_by, version, mannschaftsmitglied_rueckennummer) VALUES (1011, 103, 80, 2, '2024-03-23 10:48:56.692210', 0, null, null, 1, 5);
INSERT INTO public.mannschaftsmitglied (mannschaftsmitglied_id, mannschaftsmitglied_mannschaft_id, mannschaftsmitglied_dsb_mitglied_id, mannschaftsmitglied_dsb_mitglied_eingesetzt, created_at_utc, created_by, last_modified_at_utc, last_modified_by, version, mannschaftsmitglied_rueckennummer) VALUES (1012, 103, 103, 2, '2024-03-23 10:48:56.692210', 0, null, null, 1, 6);
INSERT INTO public.mannschaftsmitglied (mannschaftsmitglied_id, mannschaftsmitglied_mannschaft_id, mannschaftsmitglied_dsb_mitglied_id, mannschaftsmitglied_dsb_mitglied_eingesetzt, created_at_utc, created_by, last_modified_at_utc, last_modified_by, version, mannschaftsmitglied_rueckennummer) VALUES (1013, 103, 122, 1, '2024-03-23 10:48:56.692210', 0, null, null, 1, 7);
INSERT INTO public.mannschaftsmitglied (mannschaftsmitglied_id, mannschaftsmitglied_mannschaft_id, mannschaftsmitglied_dsb_mitglied_id, mannschaftsmitglied_dsb_mitglied_eingesetzt, created_at_utc, created_by, last_modified_at_utc, last_modified_by, version, mannschaftsmitglied_rueckennummer) VALUES (1026, 107, 190, 2, '2024-03-23 10:48:56.692210', 0, null, null, 1, 1);
INSERT INTO public.mannschaftsmitglied (mannschaftsmitglied_id, mannschaftsmitglied_mannschaft_id, mannschaftsmitglied_dsb_mitglied_id, mannschaftsmitglied_dsb_mitglied_eingesetzt, created_at_utc, created_by, last_modified_at_utc, last_modified_by, version, mannschaftsmitglied_rueckennummer) VALUES (1027, 107, 216, 2, '2024-03-23 10:48:56.692210', 0, null, null, 1, 2);
INSERT INTO public.mannschaftsmitglied (mannschaftsmitglied_id, mannschaftsmitglied_mannschaft_id, mannschaftsmitglied_dsb_mitglied_id, mannschaftsmitglied_dsb_mitglied_eingesetzt, created_at_utc, created_by, last_modified_at_utc, last_modified_by, version, mannschaftsmitglied_rueckennummer) VALUES (1028, 107, 240, 2, '2024-03-23 10:48:56.692210', 0, null, null, 1, 3);
INSERT INTO public.mannschaftsmitglied (mannschaftsmitglied_id, mannschaftsmitglied_mannschaft_id, mannschaftsmitglied_dsb_mitglied_id, mannschaftsmitglied_dsb_mitglied_eingesetzt, created_at_utc, created_by, last_modified_at_utc, last_modified_by, version, mannschaftsmitglied_rueckennummer) VALUES (1020, 106, 44, 2, '2024-03-23 10:48:56.692210', 0, null, null, 1, 1);
INSERT INTO public.mannschaftsmitglied (mannschaftsmitglied_id, mannschaftsmitglied_mannschaft_id, mannschaftsmitglied_dsb_mitglied_id, mannschaftsmitglied_dsb_mitglied_eingesetzt, created_at_utc, created_by, last_modified_at_utc, last_modified_by, version, mannschaftsmitglied_rueckennummer) VALUES (1021, 106, 78, 2, '2024-03-23 10:48:56.692210', 0, null, null, 1, 2);
INSERT INTO public.mannschaftsmitglied (mannschaftsmitglied_id, mannschaftsmitglied_mannschaft_id, mannschaftsmitglied_dsb_mitglied_id, mannschaftsmitglied_dsb_mitglied_eingesetzt, created_at_utc, created_by, last_modified_at_utc, last_modified_by, version, mannschaftsmitglied_rueckennummer) VALUES (1022, 106, 110, 2, '2024-03-23 10:48:56.692210', 0, null, null, 1, 3);
INSERT INTO public.mannschaftsmitglied (mannschaftsmitglied_id, mannschaftsmitglied_mannschaft_id, mannschaftsmitglied_dsb_mitglied_id, mannschaftsmitglied_dsb_mitglied_eingesetzt, created_at_utc, created_by, last_modified_at_utc, last_modified_by, version, mannschaftsmitglied_rueckennummer) VALUES (1023, 106, 44, 2, '2024-03-23 10:48:56.692210', 0, null, null, 1, 4);
INSERT INTO public.mannschaftsmitglied (mannschaftsmitglied_id, mannschaftsmitglied_mannschaft_id, mannschaftsmitglied_dsb_mitglied_id, mannschaftsmitglied_dsb_mitglied_eingesetzt, created_at_utc, created_by, last_modified_at_utc, last_modified_by, version, mannschaftsmitglied_rueckennummer) VALUES (1024, 106, 78, 2, '2024-03-23 10:48:56.692210', 0, null, null, 1, 5);
INSERT INTO public.mannschaftsmitglied (mannschaftsmitglied_id, mannschaftsmitglied_mannschaft_id, mannschaftsmitglied_dsb_mitglied_id, mannschaftsmitglied_dsb_mitglied_eingesetzt, created_at_utc, created_by, last_modified_at_utc, last_modified_by, version, mannschaftsmitglied_rueckennummer) VALUES (1025, 106, 110, 2, '2024-03-23 10:48:56.692210', 0, null, null, 1, 6);
INSERT INTO public.mannschaftsmitglied (mannschaftsmitglied_id, mannschaftsmitglied_mannschaft_id, mannschaftsmitglied_dsb_mitglied_id, mannschaftsmitglied_dsb_mitglied_eingesetzt, created_at_utc, created_by, last_modified_at_utc, last_modified_by, version, mannschaftsmitglied_rueckennummer) VALUES (1004, 102, 441, 1, '2024-03-23 10:48:56.692210', 0, null, null, 1, 1);
INSERT INTO public.mannschaftsmitglied (mannschaftsmitglied_id, mannschaftsmitglied_mannschaft_id, mannschaftsmitglied_dsb_mitglied_id, mannschaftsmitglied_dsb_mitglied_eingesetzt, created_at_utc, created_by, last_modified_at_utc, last_modified_by, version, mannschaftsmitglied_rueckennummer) VALUES (1005, 102, 393, 1, '2024-03-23 10:48:56.692210', 0, null, null, 1, 2);
INSERT INTO public.mannschaftsmitglied (mannschaftsmitglied_id, mannschaftsmitglied_mannschaft_id, mannschaftsmitglied_dsb_mitglied_id, mannschaftsmitglied_dsb_mitglied_eingesetzt, created_at_utc, created_by, last_modified_at_utc, last_modified_by, version, mannschaftsmitglied_rueckennummer) VALUES (1006, 102, 385, 1, '2024-03-23 10:48:56.692210', 0, null, null, 1, 3);
INSERT INTO public.mannschaftsmitglied (mannschaftsmitglied_id, mannschaftsmitglied_mannschaft_id, mannschaftsmitglied_dsb_mitglied_id, mannschaftsmitglied_dsb_mitglied_eingesetzt, created_at_utc, created_by, last_modified_at_utc, last_modified_by, version, mannschaftsmitglied_rueckennummer) VALUES (1000, 101, 28, 1, '2024-03-23 10:48:56.692210', 0, null, null, 1, 1);
INSERT INTO public.mannschaftsmitglied (mannschaftsmitglied_id, mannschaftsmitglied_mannschaft_id, mannschaftsmitglied_dsb_mitglied_id, mannschaftsmitglied_dsb_mitglied_eingesetzt, created_at_utc, created_by, last_modified_at_utc, last_modified_by, version, mannschaftsmitglied_rueckennummer) VALUES (1001, 101, 31, 2, '2024-03-23 10:48:56.692210', 0, null, null, 1, 2);
INSERT INTO public.mannschaftsmitglied (mannschaftsmitglied_id, mannschaftsmitglied_mannschaft_id, mannschaftsmitglied_dsb_mitglied_id, mannschaftsmitglied_dsb_mitglied_eingesetzt, created_at_utc, created_by, last_modified_at_utc, last_modified_by, version, mannschaftsmitglied_rueckennummer) VALUES (1002, 101, 47, 2, '2024-03-23 10:48:56.692210', 0, null, null, 1, 3);
INSERT INTO public.mannschaftsmitglied (mannschaftsmitglied_id, mannschaftsmitglied_mannschaft_id, mannschaftsmitglied_dsb_mitglied_id, mannschaftsmitglied_dsb_mitglied_eingesetzt, created_at_utc, created_by, last_modified_at_utc, last_modified_by, version, mannschaftsmitglied_rueckennummer) VALUES (1003, 101, 70, 1, '2024-03-23 10:48:56.692210', 0, null, null, 1, 4);
INSERT INTO public.mannschaftsmitglied (mannschaftsmitglied_id, mannschaftsmitglied_mannschaft_id, mannschaftsmitglied_dsb_mitglied_id, mannschaftsmitglied_dsb_mitglied_eingesetzt, created_at_utc, created_by, last_modified_at_utc, last_modified_by, version, mannschaftsmitglied_rueckennummer) VALUES (1017, 105, 45, 2, '2024-03-23 10:48:56.692210', 0, null, null, 1, 1);
INSERT INTO public.mannschaftsmitglied (mannschaftsmitglied_id, mannschaftsmitglied_mannschaft_id, mannschaftsmitglied_dsb_mitglied_id, mannschaftsmitglied_dsb_mitglied_eingesetzt, created_at_utc, created_by, last_modified_at_utc, last_modified_by, version, mannschaftsmitglied_rueckennummer) VALUES (1018, 105, 72, 2, '2024-03-23 10:48:56.692210', 0, null, null, 1, 2);
INSERT INTO public.mannschaftsmitglied (mannschaftsmitglied_id, mannschaftsmitglied_mannschaft_id, mannschaftsmitglied_dsb_mitglied_id, mannschaftsmitglied_dsb_mitglied_eingesetzt, created_at_utc, created_by, last_modified_at_utc, last_modified_by, version, mannschaftsmitglied_rueckennummer) VALUES (1019, 105, 104, 2, '2024-03-23 10:48:56.692210', 0, null, null, 1, 3);
INSERT INTO public.mannschaftsmitglied (mannschaftsmitglied_id, mannschaftsmitglied_mannschaft_id, mannschaftsmitglied_dsb_mitglied_id, mannschaftsmitglied_dsb_mitglied_eingesetzt, created_at_utc, created_by, last_modified_at_utc, last_modified_by, version, mannschaftsmitglied_rueckennummer) VALUES (1032, 1024, 1003, 0, '2021-01-28 21:44:00.847745', 0, null, null, 0, 1);
INSERT INTO public.mannschaftsmitglied (mannschaftsmitglied_id, mannschaftsmitglied_mannschaft_id, mannschaftsmitglied_dsb_mitglied_id, mannschaftsmitglied_dsb_mitglied_eingesetzt, created_at_utc, created_by, last_modified_at_utc, last_modified_by, version, mannschaftsmitglied_rueckennummer) VALUES (1033, 1024, 1004, 0, '2021-01-28 21:44:06.218008', 0, null, null, 0, 2);
INSERT INTO public.mannschaftsmitglied (mannschaftsmitglied_id, mannschaftsmitglied_mannschaft_id, mannschaftsmitglied_dsb_mitglied_id, mannschaftsmitglied_dsb_mitglied_eingesetzt, created_at_utc, created_by, last_modified_at_utc, last_modified_by, version, mannschaftsmitglied_rueckennummer) VALUES (1034, 1024, 1005, 0, '2021-01-28 21:44:10.421685', 0, null, null, 0, 3);
INSERT INTO public.mannschaftsmitglied (mannschaftsmitglied_id, mannschaftsmitglied_mannschaft_id, mannschaftsmitglied_dsb_mitglied_id, mannschaftsmitglied_dsb_mitglied_eingesetzt, created_at_utc, created_by, last_modified_at_utc, last_modified_by, version, mannschaftsmitglied_rueckennummer) VALUES (1035, 1025, 1006, 0, '2021-01-28 21:44:29.136280', 0, null, null, 0, 1);
INSERT INTO public.mannschaftsmitglied (mannschaftsmitglied_id, mannschaftsmitglied_mannschaft_id, mannschaftsmitglied_dsb_mitglied_id, mannschaftsmitglied_dsb_mitglied_eingesetzt, created_at_utc, created_by, last_modified_at_utc, last_modified_by, version, mannschaftsmitglied_rueckennummer) VALUES (1036, 1025, 1007, 0, '2021-01-28 21:44:32.891021', 0, null, null, 0, 2);
INSERT INTO public.mannschaftsmitglied (mannschaftsmitglied_id, mannschaftsmitglied_mannschaft_id, mannschaftsmitglied_dsb_mitglied_id, mannschaftsmitglied_dsb_mitglied_eingesetzt, created_at_utc, created_by, last_modified_at_utc, last_modified_by, version, mannschaftsmitglied_rueckennummer) VALUES (1037, 1025, 1008, 0, '2021-01-28 21:44:36.209439', 0, null, null, 0, 3);
INSERT INTO public.mannschaftsmitglied (mannschaftsmitglied_id, mannschaftsmitglied_mannschaft_id, mannschaftsmitglied_dsb_mitglied_id, mannschaftsmitglied_dsb_mitglied_eingesetzt, created_at_utc, created_by, last_modified_at_utc, last_modified_by, version, mannschaftsmitglied_rueckennummer) VALUES (1038, 1026, 1009, 0, '2021-01-28 21:44:57.308174', 0, null, null, 0, 1);
INSERT INTO public.mannschaftsmitglied (mannschaftsmitglied_id, mannschaftsmitglied_mannschaft_id, mannschaftsmitglied_dsb_mitglied_id, mannschaftsmitglied_dsb_mitglied_eingesetzt, created_at_utc, created_by, last_modified_at_utc, last_modified_by, version, mannschaftsmitglied_rueckennummer) VALUES (1039, 1026, 1010, 0, '2021-01-28 21:45:00.625636', 0, null, null, 0, 2);
INSERT INTO public.mannschaftsmitglied (mannschaftsmitglied_id, mannschaftsmitglied_mannschaft_id, mannschaftsmitglied_dsb_mitglied_id, mannschaftsmitglied_dsb_mitglied_eingesetzt, created_at_utc, created_by, last_modified_at_utc, last_modified_by, version, mannschaftsmitglied_rueckennummer) VALUES (1040, 1026, 1011, 0, '2021-01-28 21:45:04.800206', 0, null, null, 0, 3);
INSERT INTO public.mannschaftsmitglied (mannschaftsmitglied_id, mannschaftsmitglied_mannschaft_id, mannschaftsmitglied_dsb_mitglied_id, mannschaftsmitglied_dsb_mitglied_eingesetzt, created_at_utc, created_by, last_modified_at_utc, last_modified_by, version, mannschaftsmitglied_rueckennummer) VALUES (1041, 1027, 1012, 0, '2021-01-28 21:45:31.773395', 0, null, null, 0, 1);
INSERT INTO public.mannschaftsmitglied (mannschaftsmitglied_id, mannschaftsmitglied_mannschaft_id, mannschaftsmitglied_dsb_mitglied_id, mannschaftsmitglied_dsb_mitglied_eingesetzt, created_at_utc, created_by, last_modified_at_utc, last_modified_by, version, mannschaftsmitglied_rueckennummer) VALUES (1042, 1027, 1013, 0, '2021-01-28 21:45:34.990962', 0, null, null, 0, 2);
INSERT INTO public.mannschaftsmitglied (mannschaftsmitglied_id, mannschaftsmitglied_mannschaft_id, mannschaftsmitglied_dsb_mitglied_id, mannschaftsmitglied_dsb_mitglied_eingesetzt, created_at_utc, created_by, last_modified_at_utc, last_modified_by, version, mannschaftsmitglied_rueckennummer) VALUES (1043, 1027, 1014, 0, '2021-01-28 21:45:38.463823', 0, null, null, 0, 3);
INSERT INTO public.mannschaftsmitglied (mannschaftsmitglied_id, mannschaftsmitglied_mannschaft_id, mannschaftsmitglied_dsb_mitglied_id, mannschaftsmitglied_dsb_mitglied_eingesetzt, created_at_utc, created_by, last_modified_at_utc, last_modified_by, version, mannschaftsmitglied_rueckennummer) VALUES (1044, 1028, 1015, 0, '2021-01-28 21:46:26.441302', 0, null, null, 0, 1);
INSERT INTO public.mannschaftsmitglied (mannschaftsmitglied_id, mannschaftsmitglied_mannschaft_id, mannschaftsmitglied_dsb_mitglied_id, mannschaftsmitglied_dsb_mitglied_eingesetzt, created_at_utc, created_by, last_modified_at_utc, last_modified_by, version, mannschaftsmitglied_rueckennummer) VALUES (1045, 1028, 1016, 0, '2021-01-28 21:46:29.373835', 0, null, null, 0, 2);
INSERT INTO public.mannschaftsmitglied (mannschaftsmitglied_id, mannschaftsmitglied_mannschaft_id, mannschaftsmitglied_dsb_mitglied_id, mannschaftsmitglied_dsb_mitglied_eingesetzt, created_at_utc, created_by, last_modified_at_utc, last_modified_by, version, mannschaftsmitglied_rueckennummer) VALUES (1046, 1028, 1017, 0, '2021-01-28 21:46:32.159377', 0, null, null, 0, 3);
INSERT INTO public.mannschaftsmitglied (mannschaftsmitglied_id, mannschaftsmitglied_mannschaft_id, mannschaftsmitglied_dsb_mitglied_id, mannschaftsmitglied_dsb_mitglied_eingesetzt, created_at_utc, created_by, last_modified_at_utc, last_modified_by, version, mannschaftsmitglied_rueckennummer) VALUES (1047, 1029, 1018, 0, '2021-01-28 21:46:47.952251', 0, null, null, 0, 1);
INSERT INTO public.mannschaftsmitglied (mannschaftsmitglied_id, mannschaftsmitglied_mannschaft_id, mannschaftsmitglied_dsb_mitglied_id, mannschaftsmitglied_dsb_mitglied_eingesetzt, created_at_utc, created_by, last_modified_at_utc, last_modified_by, version, mannschaftsmitglied_rueckennummer) VALUES (1048, 1029, 1019, 0, '2021-01-28 21:46:51.672698', 0, null, null, 0, 2);
INSERT INTO public.mannschaftsmitglied (mannschaftsmitglied_id, mannschaftsmitglied_mannschaft_id, mannschaftsmitglied_dsb_mitglied_id, mannschaftsmitglied_dsb_mitglied_eingesetzt, created_at_utc, created_by, last_modified_at_utc, last_modified_by, version, mannschaftsmitglied_rueckennummer) VALUES (1049, 1029, 1020, 0, '2021-01-28 21:46:54.707223', 0, null, null, 0, 3);
INSERT INTO public.mannschaftsmitglied (mannschaftsmitglied_id, mannschaftsmitglied_mannschaft_id, mannschaftsmitglied_dsb_mitglied_id, mannschaftsmitglied_dsb_mitglied_eingesetzt, created_at_utc, created_by, last_modified_at_utc, last_modified_by, version, mannschaftsmitglied_rueckennummer) VALUES (1050, 1030, 1021, 0, '2021-01-28 21:47:11.940344', 0, null, null, 0, 1);
INSERT INTO public.mannschaftsmitglied (mannschaftsmitglied_id, mannschaftsmitglied_mannschaft_id, mannschaftsmitglied_dsb_mitglied_id, mannschaftsmitglied_dsb_mitglied_eingesetzt, created_at_utc, created_by, last_modified_at_utc, last_modified_by, version, mannschaftsmitglied_rueckennummer) VALUES (1051, 1030, 1022, 0, '2021-01-28 21:47:15.075176', 0, null, null, 0, 2);
INSERT INTO public.mannschaftsmitglied (mannschaftsmitglied_id, mannschaftsmitglied_mannschaft_id, mannschaftsmitglied_dsb_mitglied_id, mannschaftsmitglied_dsb_mitglied_eingesetzt, created_at_utc, created_by, last_modified_at_utc, last_modified_by, version, mannschaftsmitglied_rueckennummer) VALUES (1052, 1030, 1023, 0, '2021-01-28 21:47:18.428874', 0, null, null, 0, 3);
INSERT INTO public.mannschaftsmitglied (mannschaftsmitglied_id, mannschaftsmitglied_mannschaft_id, mannschaftsmitglied_dsb_mitglied_id, mannschaftsmitglied_dsb_mitglied_eingesetzt, created_at_utc, created_by, last_modified_at_utc, last_modified_by, version, mannschaftsmitglied_rueckennummer) VALUES (1053, 1031, 1024, 0, '2021-01-28 21:47:31.461485', 0, null, null, 0, 1);
INSERT INTO public.mannschaftsmitglied (mannschaftsmitglied_id, mannschaftsmitglied_mannschaft_id, mannschaftsmitglied_dsb_mitglied_id, mannschaftsmitglied_dsb_mitglied_eingesetzt, created_at_utc, created_by, last_modified_at_utc, last_modified_by, version, mannschaftsmitglied_rueckennummer) VALUES (1054, 1031, 1025, 0, '2021-01-28 21:47:34.564442', 0, null, null, 0, 2);
INSERT INTO public.mannschaftsmitglied (mannschaftsmitglied_id, mannschaftsmitglied_mannschaft_id, mannschaftsmitglied_dsb_mitglied_id, mannschaftsmitglied_dsb_mitglied_eingesetzt, created_at_utc, created_by, last_modified_at_utc, last_modified_by, version, mannschaftsmitglied_rueckennummer) VALUES (1055, 1031, 1026, 0, '2021-01-28 21:47:40.144313', 0, null, null, 0, 3);




INSERT INTO public.wettkampf (wettkampf_id, wettkampf_veranstaltung_id, wettkampf_datum, wettkampf_beginn, wettkampf_tag, wettkampf_disziplin_id, wettkampf_wettkampftyp_id, created_at_utc, created_by, last_modified_at_utc, last_modified_by, version, wettkampfausrichter, wettkampf_strasse, wettkampf_plz, wettkampf_ortsname, wettkampf_ortsinfo, offlinetoken) VALUES (38, 0, '1900-01-01', ' - ', 0, 0, 0, '2024-03-24 17:09:23.316592', 0, null, null, 0, null, null, null, null, null, null);
INSERT INTO public.wettkampf (wettkampf_id, wettkampf_veranstaltung_id, wettkampf_datum, wettkampf_beginn, wettkampf_tag, wettkampf_disziplin_id, wettkampf_wettkampftyp_id, created_at_utc, created_by, last_modified_at_utc, last_modified_by, version, wettkampfausrichter, wettkampf_strasse, wettkampf_plz, wettkampf_ortsname, wettkampf_ortsinfo, offlinetoken) VALUES (30, 0, '2017-11-19', '13:30', 1, 0, 0, '2024-03-24 17:09:23.316592', 0, null, null, 0, null, null, null, null, null, null);
INSERT INTO public.wettkampf (wettkampf_id, wettkampf_veranstaltung_id, wettkampf_datum, wettkampf_beginn, wettkampf_tag, wettkampf_disziplin_id, wettkampf_wettkampftyp_id, created_at_utc, created_by, last_modified_at_utc, last_modified_by, version, wettkampfausrichter, wettkampf_strasse, wettkampf_plz, wettkampf_ortsname, wettkampf_ortsinfo, offlinetoken) VALUES (31, 0, '2017-12-09', '13:30', 2, 0, 0, '2024-03-24 17:09:23.316592', 0, null, null, 0, null, null, null, null, null, null);
INSERT INTO public.wettkampf (wettkampf_id, wettkampf_veranstaltung_id, wettkampf_datum, wettkampf_beginn, wettkampf_tag, wettkampf_disziplin_id, wettkampf_wettkampftyp_id, created_at_utc, created_by, last_modified_at_utc, last_modified_by, version, wettkampfausrichter, wettkampf_strasse, wettkampf_plz, wettkampf_ortsname, wettkampf_ortsinfo, offlinetoken) VALUES (32, 0, '2018-01-14', '13:30', 3, 0, 1, '2024-03-24 17:09:23.316592', 0, null, null, 0, null, null, null, null, null, null);
INSERT INTO public.wettkampf (wettkampf_id, wettkampf_veranstaltung_id, wettkampf_datum, wettkampf_beginn, wettkampf_tag, wettkampf_disziplin_id, wettkampf_wettkampftyp_id, created_at_utc, created_by, last_modified_at_utc, last_modified_by, version, wettkampfausrichter, wettkampf_strasse, wettkampf_plz, wettkampf_ortsname, wettkampf_ortsinfo, offlinetoken) VALUES (33, 0, '2018-02-03', '09:30', 4, 0, 1, '2024-03-24 17:09:23.316592', 0, null, null, 0, null, null, null, null, null, null);
INSERT INTO public.wettkampf (wettkampf_id, wettkampf_veranstaltung_id, wettkampf_datum, wettkampf_beginn, wettkampf_tag, wettkampf_disziplin_id, wettkampf_wettkampftyp_id, created_at_utc, created_by, last_modified_at_utc, last_modified_by, version, wettkampfausrichter, wettkampf_strasse, wettkampf_plz, wettkampf_ortsname, wettkampf_ortsinfo, offlinetoken) VALUES (34, 1, '2019-11-19', '13:30', 1, 0, 0, '2024-03-24 17:09:23.316592', 0, null, null, 0, null, null, null, null, null, null);
INSERT INTO public.wettkampf (wettkampf_id, wettkampf_veranstaltung_id, wettkampf_datum, wettkampf_beginn, wettkampf_tag, wettkampf_disziplin_id, wettkampf_wettkampftyp_id, created_at_utc, created_by, last_modified_at_utc, last_modified_by, version, wettkampfausrichter, wettkampf_strasse, wettkampf_plz, wettkampf_ortsname, wettkampf_ortsinfo, offlinetoken) VALUES (35, 1, '2019-12-09', '13:30', 2, 0, 0, '2024-03-24 17:09:23.316592', 0, null, null, 0, null, null, null, null, null, null);
INSERT INTO public.wettkampf (wettkampf_id, wettkampf_veranstaltung_id, wettkampf_datum, wettkampf_beginn, wettkampf_tag, wettkampf_disziplin_id, wettkampf_wettkampftyp_id, created_at_utc, created_by, last_modified_at_utc, last_modified_by, version, wettkampfausrichter, wettkampf_strasse, wettkampf_plz, wettkampf_ortsname, wettkampf_ortsinfo, offlinetoken) VALUES (36, 1, '2020-01-14', '13:30', 3, 0, 1, '2024-03-24 17:09:23.316592', 0, null, null, 0, null, null, null, null, null, null);
INSERT INTO public.wettkampf (wettkampf_id, wettkampf_veranstaltung_id, wettkampf_datum, wettkampf_beginn, wettkampf_tag, wettkampf_disziplin_id, wettkampf_wettkampftyp_id, created_at_utc, created_by, last_modified_at_utc, last_modified_by, version, wettkampfausrichter, wettkampf_strasse, wettkampf_plz, wettkampf_ortsname, wettkampf_ortsinfo, offlinetoken) VALUES (37, 1, '2020-02-03', '09:30', 4, 0, 1, '2024-03-24 17:09:23.316592', 0, null, null, 0, null, null, null, null, null, null);
INSERT INTO public.wettkampf (wettkampf_id, wettkampf_veranstaltung_id, wettkampf_datum, wettkampf_beginn, wettkampf_tag, wettkampf_disziplin_id, wettkampf_wettkampftyp_id, created_at_utc, created_by, last_modified_at_utc, last_modified_by, version, wettkampfausrichter, wettkampf_strasse, wettkampf_plz, wettkampf_ortsname, wettkampf_ortsinfo, offlinetoken) VALUES (39, 1, '1900-01-01', ' - ', 0, 0, 0, '2024-03-24 17:09:23.316592', 0, null, null, 0, null, null, null, null, null, null);
INSERT INTO public.wettkampf (wettkampf_id, wettkampf_veranstaltung_id, wettkampf_datum, wettkampf_beginn, wettkampf_tag, wettkampf_disziplin_id, wettkampf_wettkampftyp_id, created_at_utc, created_by, last_modified_at_utc, last_modified_by, version, wettkampfausrichter, wettkampf_strasse, wettkampf_plz, wettkampf_ortsname, wettkampf_ortsinfo, offlinetoken) VALUES (40, 2, '1900-01-01', ' - ', 0, 0, 0, '2024-03-24 17:09:23.316592', 0, null, null, 0, null, null, null, null, null, null);
INSERT INTO public.wettkampf (wettkampf_id, wettkampf_veranstaltung_id, wettkampf_datum, wettkampf_beginn, wettkampf_tag, wettkampf_disziplin_id, wettkampf_wettkampftyp_id, created_at_utc, created_by, last_modified_at_utc, last_modified_by, version, wettkampfausrichter, wettkampf_strasse, wettkampf_plz, wettkampf_ortsname, wettkampf_ortsinfo, offlinetoken) VALUES (41, 3, '1900-01-01', ' - ', 0, 0, 0, '2024-03-24 17:09:23.316592', 0, null, null, 0, null, null, null, null, null, null);
INSERT INTO public.wettkampf (wettkampf_id, wettkampf_veranstaltung_id, wettkampf_datum, wettkampf_beginn, wettkampf_tag, wettkampf_disziplin_id, wettkampf_wettkampftyp_id, created_at_utc, created_by, last_modified_at_utc, last_modified_by, version, wettkampfausrichter, wettkampf_strasse, wettkampf_plz, wettkampf_ortsname, wettkampf_ortsinfo, offlinetoken) VALUES (42, 4, '1900-01-01', ' - ', 0, 0, 0, '2024-03-24 17:09:23.316592', 0, null, null, 0, null, null, null, null, null, null);
INSERT INTO public.wettkampf (wettkampf_id, wettkampf_veranstaltung_id, wettkampf_datum, wettkampf_beginn, wettkampf_tag, wettkampf_disziplin_id, wettkampf_wettkampftyp_id, created_at_utc, created_by, last_modified_at_utc, last_modified_by, version, wettkampfausrichter, wettkampf_strasse, wettkampf_plz, wettkampf_ortsname, wettkampf_ortsinfo, offlinetoken) VALUES (43, 5, '1900-01-01', ' - ', 0, 0, 0, '2024-03-24 17:09:23.316592', 0, null, null, 0, null, null, null, null, null, null);
INSERT INTO public.wettkampf (wettkampf_id, wettkampf_veranstaltung_id, wettkampf_datum, wettkampf_beginn, wettkampf_tag, wettkampf_disziplin_id, wettkampf_wettkampftyp_id, created_at_utc, created_by, last_modified_at_utc, last_modified_by, version, wettkampfausrichter, wettkampf_strasse, wettkampf_plz, wettkampf_ortsname, wettkampf_ortsinfo, offlinetoken) VALUES (44, 6, '1900-01-01', ' - ', 0, 0, 0, '2024-03-24 17:09:23.316592', 0, null, null, 0, null, null, null, null, null, null);
INSERT INTO public.wettkampf (wettkampf_id, wettkampf_veranstaltung_id, wettkampf_datum, wettkampf_beginn, wettkampf_tag, wettkampf_disziplin_id, wettkampf_wettkampftyp_id, created_at_utc, created_by, last_modified_at_utc, last_modified_by, version, wettkampfausrichter, wettkampf_strasse, wettkampf_plz, wettkampf_ortsname, wettkampf_ortsinfo, offlinetoken) VALUES (45, 7, '1900-01-01', ' - ', 0, 0, 0, '2024-03-24 17:09:23.316592', 0, null, null, 0, null, null, null, null, null, null);
INSERT INTO public.wettkampf (wettkampf_id, wettkampf_veranstaltung_id, wettkampf_datum, wettkampf_beginn, wettkampf_tag, wettkampf_disziplin_id, wettkampf_wettkampftyp_id, created_at_utc, created_by, last_modified_at_utc, last_modified_by, version, wettkampfausrichter, wettkampf_strasse, wettkampf_plz, wettkampf_ortsname, wettkampf_ortsinfo, offlinetoken) VALUES (46, 8, '1900-01-01', ' - ', 0, 0, 0, '2024-03-24 17:09:23.316592', 0, null, null, 0, null, null, null, null, null, null);
INSERT INTO public.wettkampf (wettkampf_id, wettkampf_veranstaltung_id, wettkampf_datum, wettkampf_beginn, wettkampf_tag, wettkampf_disziplin_id, wettkampf_wettkampftyp_id, created_at_utc, created_by, last_modified_at_utc, last_modified_by, version, wettkampfausrichter, wettkampf_strasse, wettkampf_plz, wettkampf_ortsname, wettkampf_ortsinfo, offlinetoken) VALUES (47, 9, '1900-01-01', ' - ', 0, 0, 0, '2024-03-24 17:09:23.316592', 0, null, null, 0, null, null, null, null, null, null);
INSERT INTO public.wettkampf (wettkampf_id, wettkampf_veranstaltung_id, wettkampf_datum, wettkampf_beginn, wettkampf_tag, wettkampf_disziplin_id, wettkampf_wettkampftyp_id, created_at_utc, created_by, last_modified_at_utc, last_modified_by, version, wettkampfausrichter, wettkampf_strasse, wettkampf_plz, wettkampf_ortsname, wettkampf_ortsinfo, offlinetoken) VALUES (48, 20, '1900-01-01', ' - ', 0, 0, 0, '2024-03-24 17:09:23.316592', 0, null, null, 0, null, null, null, null, null, null);
INSERT INTO public.wettkampf (wettkampf_id, wettkampf_veranstaltung_id, wettkampf_datum, wettkampf_beginn, wettkampf_tag, wettkampf_disziplin_id, wettkampf_wettkampftyp_id, created_at_utc, created_by, last_modified_at_utc, last_modified_by, version, wettkampfausrichter, wettkampf_strasse, wettkampf_plz, wettkampf_ortsname, wettkampf_ortsinfo, offlinetoken) VALUES (49, 21, '1900-01-01', ' - ', 0, 0, 0, '2024-03-24 17:09:23.316592', 0, null, null, 0, null, null, null, null, null, null);
INSERT INTO public.wettkampf (wettkampf_id, wettkampf_veranstaltung_id, wettkampf_datum, wettkampf_beginn, wettkampf_tag, wettkampf_disziplin_id, wettkampf_wettkampftyp_id, created_at_utc, created_by, last_modified_at_utc, last_modified_by, version, wettkampfausrichter, wettkampf_strasse, wettkampf_plz, wettkampf_ortsname, wettkampf_ortsinfo, offlinetoken) VALUES (50, 22, '1900-01-01', ' - ', 0, 0, 0, '2024-03-24 17:09:23.316592', 0, null, null, 0, null, null, null, null, null, null);
INSERT INTO public.wettkampf (wettkampf_id, wettkampf_veranstaltung_id, wettkampf_datum, wettkampf_beginn, wettkampf_tag, wettkampf_disziplin_id, wettkampf_wettkampftyp_id, created_at_utc, created_by, last_modified_at_utc, last_modified_by, version, wettkampfausrichter, wettkampf_strasse, wettkampf_plz, wettkampf_ortsname, wettkampf_ortsinfo, offlinetoken) VALUES (51, 23, '1900-01-01', ' - ', 0, 0, 0, '2024-03-24 17:09:23.316592', 0, null, null, 0, null, null, null, null, null, null);
INSERT INTO public.wettkampf (wettkampf_id, wettkampf_veranstaltung_id, wettkampf_datum, wettkampf_beginn, wettkampf_tag, wettkampf_disziplin_id, wettkampf_wettkampftyp_id, created_at_utc, created_by, last_modified_at_utc, last_modified_by, version, wettkampfausrichter, wettkampf_strasse, wettkampf_plz, wettkampf_ortsname, wettkampf_ortsinfo, offlinetoken) VALUES (2004, 1001, '2018-05-08', '15:30', 0, 0, 0, '2021-01-28 21:27:42.305203', 0, null, null, 7, null, 'Bahnhofstrasse', '72764', 'Reutlingen', null, null);
INSERT INTO public.wettkampf (wettkampf_id, wettkampf_veranstaltung_id, wettkampf_datum, wettkampf_beginn, wettkampf_tag, wettkampf_disziplin_id, wettkampf_wettkampftyp_id, created_at_utc, created_by, last_modified_at_utc, last_modified_by, version, wettkampfausrichter, wettkampf_strasse, wettkampf_plz, wettkampf_ortsname, wettkampf_ortsinfo, offlinetoken) VALUES (2003, 1001, '2018-05-08', '15:30', 3, 0, 0, '2021-01-28 21:27:42.305203', 0, null, null, 7, null, 'Bahnhofstrasse', '72764', 'Reutlingen', null, null);
INSERT INTO public.wettkampf (wettkampf_id, wettkampf_veranstaltung_id, wettkampf_datum, wettkampf_beginn, wettkampf_tag, wettkampf_disziplin_id, wettkampf_wettkampftyp_id, created_at_utc, created_by, last_modified_at_utc, last_modified_by, version, wettkampfausrichter, wettkampf_strasse, wettkampf_plz, wettkampf_ortsname, wettkampf_ortsinfo, offlinetoken) VALUES (2002, 1001, '2018-05-07', '15:30', 4, 0, 0, '2021-01-28 21:27:42.305203', 0, null, null, 6, null, 'Bahnhofstrasse', '72764', 'Reutlingen', null, null);
INSERT INTO public.wettkampf (wettkampf_id, wettkampf_veranstaltung_id, wettkampf_datum, wettkampf_beginn, wettkampf_tag, wettkampf_disziplin_id, wettkampf_wettkampftyp_id, created_at_utc, created_by, last_modified_at_utc, last_modified_by, version, wettkampfausrichter, wettkampf_strasse, wettkampf_plz, wettkampf_ortsname, wettkampf_ortsinfo, offlinetoken) VALUES (2000, 1001, '2018-05-05', '15:30', 1, 0, 0, '2021-01-28 21:27:42.305203', 0, null, null, 9, null, 'Bahnhofstrasse', '72764', 'Reutlingen', null, null);
INSERT INTO public.wettkampf (wettkampf_id, wettkampf_veranstaltung_id, wettkampf_datum, wettkampf_beginn, wettkampf_tag, wettkampf_disziplin_id, wettkampf_wettkampftyp_id, created_at_utc, created_by, last_modified_at_utc, last_modified_by, version, wettkampfausrichter, wettkampf_strasse, wettkampf_plz, wettkampf_ortsname, wettkampf_ortsinfo, offlinetoken) VALUES (2001, 1001, '2018-05-06', '15:30', 2, 0, 0, '2021-01-28 21:27:42.305203', 0, null, null, 9, null, 'Bahnhofstrasse', '72764', 'Reutlingen', null, null);
INSERT INTO public.wettkampf (wettkampf_id, wettkampf_veranstaltung_id, wettkampf_datum, wettkampf_beginn, wettkampf_tag, wettkampf_disziplin_id, wettkampf_wettkampftyp_id, created_at_utc, created_by, last_modified_at_utc, last_modified_by, version, wettkampfausrichter, wettkampf_strasse, wettkampf_plz, wettkampf_ortsname, wettkampf_ortsinfo, offlinetoken) VALUES (2009, 1100, '2016-05-08', '15:30', 0, 0, 0, '2021-01-28 21:27:42.305203', 0, null, null, 7, null, 'Bahnhofstrasse', '72764', 'Reutlingen', null, null);
INSERT INTO public.wettkampf (wettkampf_id, wettkampf_veranstaltung_id, wettkampf_datum, wettkampf_beginn, wettkampf_tag, wettkampf_disziplin_id, wettkampf_wettkampftyp_id, created_at_utc, created_by, last_modified_at_utc, last_modified_by, version, wettkampfausrichter, wettkampf_strasse, wettkampf_plz, wettkampf_ortsname, wettkampf_ortsinfo, offlinetoken) VALUES (2008, 1100, '2016-05-08', '15:30', 3, 0, 0, '2021-01-28 21:27:42.305203', 0, null, null, 7, null, 'Bahnhofstrasse', '72764', 'Reutlingen', null, null);
INSERT INTO public.wettkampf (wettkampf_id, wettkampf_veranstaltung_id, wettkampf_datum, wettkampf_beginn, wettkampf_tag, wettkampf_disziplin_id, wettkampf_wettkampftyp_id, created_at_utc, created_by, last_modified_at_utc, last_modified_by, version, wettkampfausrichter, wettkampf_strasse, wettkampf_plz, wettkampf_ortsname, wettkampf_ortsinfo, offlinetoken) VALUES (2007, 1100, '2016-05-07', '15:30', 4, 0, 0, '2021-01-28 21:27:42.305203', 0, null, null, 6, null, 'Bahnhofstrasse', '72764', 'Reutlingen', null, null);
INSERT INTO public.wettkampf (wettkampf_id, wettkampf_veranstaltung_id, wettkampf_datum, wettkampf_beginn, wettkampf_tag, wettkampf_disziplin_id, wettkampf_wettkampftyp_id, created_at_utc, created_by, last_modified_at_utc, last_modified_by, version, wettkampfausrichter, wettkampf_strasse, wettkampf_plz, wettkampf_ortsname, wettkampf_ortsinfo, offlinetoken) VALUES (2006, 1100, '2016-05-05', '15:30', 1, 0, 0, '2021-01-28 21:27:42.305203', 0, null, null, 9, null, 'Bahnhofstrasse', '72764', 'Reutlingen', null, null);
INSERT INTO public.wettkampf (wettkampf_id, wettkampf_veranstaltung_id, wettkampf_datum, wettkampf_beginn, wettkampf_tag, wettkampf_disziplin_id, wettkampf_wettkampftyp_id, created_at_utc, created_by, last_modified_at_utc, last_modified_by, version, wettkampfausrichter, wettkampf_strasse, wettkampf_plz, wettkampf_ortsname, wettkampf_ortsinfo, offlinetoken) VALUES (2005, 1100, '2016-05-06', '15:30', 2, 0, 0, '2021-01-28 21:27:42.305203', 0, null, null, 9, null, 'Bahnhofstrasse', '72764', 'Reutlingen', null, null);


INSERT INTO public.match (match_wettkampf_id, match_nr, match_begegnung, match_mannschaft_id, match_scheibennummer, match_matchpunkte, match_satzpunkte, match_strafpunkte_satz_1, match_strafpunkte_satz_2, match_strafpunkte_satz_3, match_strafpunkte_satz_4, match_strafpunkte_satz_5, created_at_utc, created_by, last_modified_at_utc, last_modified_by, version, match_id) VALUES (30, 1, 1, 101, 1, 2, 6, null, null, null, null, null, '2024-03-23 10:48:56.692210', 0, null, null, 0, 1000);
INSERT INTO public.match (match_wettkampf_id, match_nr, match_begegnung, match_mannschaft_id, match_scheibennummer, match_matchpunkte, match_satzpunkte, match_strafpunkte_satz_1, match_strafpunkte_satz_2, match_strafpunkte_satz_3, match_strafpunkte_satz_4, match_strafpunkte_satz_5, created_at_utc, created_by, last_modified_at_utc, last_modified_by, version, match_id) VALUES (30, 1, 1, 102, 2, 0, 2, null, null, null, null, null, '2024-03-23 10:48:56.692210', 0, null, null, 0, 1001);
INSERT INTO public.match (match_wettkampf_id, match_nr, match_begegnung, match_mannschaft_id, match_scheibennummer, match_matchpunkte, match_satzpunkte, match_strafpunkte_satz_1, match_strafpunkte_satz_2, match_strafpunkte_satz_3, match_strafpunkte_satz_4, match_strafpunkte_satz_5, created_at_utc, created_by, last_modified_at_utc, last_modified_by, version, match_id) VALUES (30, 1, 2, 103, 3, 2, 6, null, null, null, null, null, '2024-03-23 10:48:56.692210', 0, null, null, 0, 1002);
INSERT INTO public.match (match_wettkampf_id, match_nr, match_begegnung, match_mannschaft_id, match_scheibennummer, match_matchpunkte, match_satzpunkte, match_strafpunkte_satz_1, match_strafpunkte_satz_2, match_strafpunkte_satz_3, match_strafpunkte_satz_4, match_strafpunkte_satz_5, created_at_utc, created_by, last_modified_at_utc, last_modified_by, version, match_id) VALUES (30, 1, 2, 104, 4, 0, 4, null, null, null, null, null, '2024-03-23 10:48:56.692210', 0, null, null, 0, 1003);
INSERT INTO public.match (match_wettkampf_id, match_nr, match_begegnung, match_mannschaft_id, match_scheibennummer, match_matchpunkte, match_satzpunkte, match_strafpunkte_satz_1, match_strafpunkte_satz_2, match_strafpunkte_satz_3, match_strafpunkte_satz_4, match_strafpunkte_satz_5, created_at_utc, created_by, last_modified_at_utc, last_modified_by, version, match_id) VALUES (30, 1, 3, 105, 5, 2, 6, null, null, null, null, null, '2024-03-23 10:48:56.692210', 0, null, null, 0, 1004);
INSERT INTO public.match (match_wettkampf_id, match_nr, match_begegnung, match_mannschaft_id, match_scheibennummer, match_matchpunkte, match_satzpunkte, match_strafpunkte_satz_1, match_strafpunkte_satz_2, match_strafpunkte_satz_3, match_strafpunkte_satz_4, match_strafpunkte_satz_5, created_at_utc, created_by, last_modified_at_utc, last_modified_by, version, match_id) VALUES (30, 1, 3, 106, 6, 0, 2, null, null, null, null, null, '2024-03-23 10:48:56.692210', 0, null, null, 0, 1005);
INSERT INTO public.match (match_wettkampf_id, match_nr, match_begegnung, match_mannschaft_id, match_scheibennummer, match_matchpunkte, match_satzpunkte, match_strafpunkte_satz_1, match_strafpunkte_satz_2, match_strafpunkte_satz_3, match_strafpunkte_satz_4, match_strafpunkte_satz_5, created_at_utc, created_by, last_modified_at_utc, last_modified_by, version, match_id) VALUES (30, 1, 4, 107, 7, 2, 7, null, null, null, null, null, '2024-03-23 10:48:56.692210', 0, null, null, 0, 1006);
INSERT INTO public.match (match_wettkampf_id, match_nr, match_begegnung, match_mannschaft_id, match_scheibennummer, match_matchpunkte, match_satzpunkte, match_strafpunkte_satz_1, match_strafpunkte_satz_2, match_strafpunkte_satz_3, match_strafpunkte_satz_4, match_strafpunkte_satz_5, created_at_utc, created_by, last_modified_at_utc, last_modified_by, version, match_id) VALUES (30, 1, 4, 108, 8, 0, 1, null, null, null, null, null, '2024-03-23 10:48:56.692210', 0, null, null, 0, 1007);
INSERT INTO public.match (match_wettkampf_id, match_nr, match_begegnung, match_mannschaft_id, match_scheibennummer, match_matchpunkte, match_satzpunkte, match_strafpunkte_satz_1, match_strafpunkte_satz_2, match_strafpunkte_satz_3, match_strafpunkte_satz_4, match_strafpunkte_satz_5, created_at_utc, created_by, last_modified_at_utc, last_modified_by, version, match_id) VALUES (30, 2, 1, 102, 1, 2, 6, null, null, null, null, null, '2024-03-23 10:48:56.692210', 0, null, null, 0, 1008);
INSERT INTO public.match (match_wettkampf_id, match_nr, match_begegnung, match_mannschaft_id, match_scheibennummer, match_matchpunkte, match_satzpunkte, match_strafpunkte_satz_1, match_strafpunkte_satz_2, match_strafpunkte_satz_3, match_strafpunkte_satz_4, match_strafpunkte_satz_5, created_at_utc, created_by, last_modified_at_utc, last_modified_by, version, match_id) VALUES (30, 2, 1, 107, 2, 0, 4, null, null, null, null, null, '2024-03-23 10:48:56.692210', 0, null, null, 0, 1009);
INSERT INTO public.match (match_wettkampf_id, match_nr, match_begegnung, match_mannschaft_id, match_scheibennummer, match_matchpunkte, match_satzpunkte, match_strafpunkte_satz_1, match_strafpunkte_satz_2, match_strafpunkte_satz_3, match_strafpunkte_satz_4, match_strafpunkte_satz_5, created_at_utc, created_by, last_modified_at_utc, last_modified_by, version, match_id) VALUES (30, 2, 2, 106, 3, 2, 6, null, null, null, null, null, '2024-03-23 10:48:56.692210', 0, null, null, 0, 1010);
INSERT INTO public.match (match_wettkampf_id, match_nr, match_begegnung, match_mannschaft_id, match_scheibennummer, match_matchpunkte, match_satzpunkte, match_strafpunkte_satz_1, match_strafpunkte_satz_2, match_strafpunkte_satz_3, match_strafpunkte_satz_4, match_strafpunkte_satz_5, created_at_utc, created_by, last_modified_at_utc, last_modified_by, version, match_id) VALUES (30, 2, 2, 101, 4, 0, 4, null, null, null, null, null, '2024-03-23 10:48:56.692210', 0, null, null, 0, 1011);
INSERT INTO public.match (match_wettkampf_id, match_nr, match_begegnung, match_mannschaft_id, match_scheibennummer, match_matchpunkte, match_satzpunkte, match_strafpunkte_satz_1, match_strafpunkte_satz_2, match_strafpunkte_satz_3, match_strafpunkte_satz_4, match_strafpunkte_satz_5, created_at_utc, created_by, last_modified_at_utc, last_modified_by, version, match_id) VALUES (30, 2, 3, 105, 5, 2, 6, null, null, null, null, null, '2024-03-23 10:48:56.692210', 0, null, null, 0, 1012);
INSERT INTO public.match (match_wettkampf_id, match_nr, match_begegnung, match_mannschaft_id, match_scheibennummer, match_matchpunkte, match_satzpunkte, match_strafpunkte_satz_1, match_strafpunkte_satz_2, match_strafpunkte_satz_3, match_strafpunkte_satz_4, match_strafpunkte_satz_5, created_at_utc, created_by, last_modified_at_utc, last_modified_by, version, match_id) VALUES (30, 2, 3, 103, 6, 0, 2, null, null, null, null, null, '2024-03-23 10:48:56.692210', 0, null, null, 0, 1013);
INSERT INTO public.match (match_wettkampf_id, match_nr, match_begegnung, match_mannschaft_id, match_scheibennummer, match_matchpunkte, match_satzpunkte, match_strafpunkte_satz_1, match_strafpunkte_satz_2, match_strafpunkte_satz_3, match_strafpunkte_satz_4, match_strafpunkte_satz_5, created_at_utc, created_by, last_modified_at_utc, last_modified_by, version, match_id) VALUES (30, 2, 4, 108, 7, 2, 7, null, null, null, null, null, '2024-03-23 10:48:56.692210', 0, null, null, 0, 1014);
INSERT INTO public.match (match_wettkampf_id, match_nr, match_begegnung, match_mannschaft_id, match_scheibennummer, match_matchpunkte, match_satzpunkte, match_strafpunkte_satz_1, match_strafpunkte_satz_2, match_strafpunkte_satz_3, match_strafpunkte_satz_4, match_strafpunkte_satz_5, created_at_utc, created_by, last_modified_at_utc, last_modified_by, version, match_id) VALUES (30, 2, 4, 104, 8, 0, 3, null, null, null, null, null, '2024-03-23 10:48:56.692210', 0, null, null, 0, 1015);
INSERT INTO public.match (match_wettkampf_id, match_nr, match_begegnung, match_mannschaft_id, match_scheibennummer, match_matchpunkte, match_satzpunkte, match_strafpunkte_satz_1, match_strafpunkte_satz_2, match_strafpunkte_satz_3, match_strafpunkte_satz_4, match_strafpunkte_satz_5, created_at_utc, created_by, last_modified_at_utc, last_modified_by, version, match_id) VALUES (30, 3, 1, 101, 1, null, null, null, null, null, null, null, '2024-03-23 10:48:56.692210', 0, null, null, 0, 1016);
INSERT INTO public.match (match_wettkampf_id, match_nr, match_begegnung, match_mannschaft_id, match_scheibennummer, match_matchpunkte, match_satzpunkte, match_strafpunkte_satz_1, match_strafpunkte_satz_2, match_strafpunkte_satz_3, match_strafpunkte_satz_4, match_strafpunkte_satz_5, created_at_utc, created_by, last_modified_at_utc, last_modified_by, version, match_id) VALUES (30, 3, 1, 103, 2, null, null, null, null, null, null, null, '2024-03-23 10:48:56.692210', 0, null, null, 0, 1017);
INSERT INTO public.match (match_wettkampf_id, match_nr, match_begegnung, match_mannschaft_id, match_scheibennummer, match_matchpunkte, match_satzpunkte, match_strafpunkte_satz_1, match_strafpunkte_satz_2, match_strafpunkte_satz_3, match_strafpunkte_satz_4, match_strafpunkte_satz_5, created_at_utc, created_by, last_modified_at_utc, last_modified_by, version, match_id) VALUES (30, 3, 2, 104, 3, null, null, null, null, null, null, null, '2024-03-23 10:48:56.692210', 0, null, null, 0, 1018);
INSERT INTO public.match (match_wettkampf_id, match_nr, match_begegnung, match_mannschaft_id, match_scheibennummer, match_matchpunkte, match_satzpunkte, match_strafpunkte_satz_1, match_strafpunkte_satz_2, match_strafpunkte_satz_3, match_strafpunkte_satz_4, match_strafpunkte_satz_5, created_at_utc, created_by, last_modified_at_utc, last_modified_by, version, match_id) VALUES (30, 3, 2, 102, 4, null, null, null, null, null, null, null, '2024-03-23 10:48:56.692210', 0, null, null, 0, 1019);
INSERT INTO public.match (match_wettkampf_id, match_nr, match_begegnung, match_mannschaft_id, match_scheibennummer, match_matchpunkte, match_satzpunkte, match_strafpunkte_satz_1, match_strafpunkte_satz_2, match_strafpunkte_satz_3, match_strafpunkte_satz_4, match_strafpunkte_satz_5, created_at_utc, created_by, last_modified_at_utc, last_modified_by, version, match_id) VALUES (30, 3, 3, 108, 5, null, null, null, null, null, null, null, '2024-03-23 10:48:56.692210', 0, null, null, 0, 1020);
INSERT INTO public.match (match_wettkampf_id, match_nr, match_begegnung, match_mannschaft_id, match_scheibennummer, match_matchpunkte, match_satzpunkte, match_strafpunkte_satz_1, match_strafpunkte_satz_2, match_strafpunkte_satz_3, match_strafpunkte_satz_4, match_strafpunkte_satz_5, created_at_utc, created_by, last_modified_at_utc, last_modified_by, version, match_id) VALUES (30, 3, 3, 105, 6, null, null, null, null, null, null, null, '2024-03-23 10:48:56.692210', 0, null, null, 0, 1021);
INSERT INTO public.match (match_wettkampf_id, match_nr, match_begegnung, match_mannschaft_id, match_scheibennummer, match_matchpunkte, match_satzpunkte, match_strafpunkte_satz_1, match_strafpunkte_satz_2, match_strafpunkte_satz_3, match_strafpunkte_satz_4, match_strafpunkte_satz_5, created_at_utc, created_by, last_modified_at_utc, last_modified_by, version, match_id) VALUES (30, 3, 4, 107, 7, null, null, null, null, null, null, null, '2024-03-23 10:48:56.692210', 0, null, null, 0, 1022);
INSERT INTO public.match (match_wettkampf_id, match_nr, match_begegnung, match_mannschaft_id, match_scheibennummer, match_matchpunkte, match_satzpunkte, match_strafpunkte_satz_1, match_strafpunkte_satz_2, match_strafpunkte_satz_3, match_strafpunkte_satz_4, match_strafpunkte_satz_5, created_at_utc, created_by, last_modified_at_utc, last_modified_by, version, match_id) VALUES (30, 3, 4, 106, 8, null, null, null, null, null, null, null, '2024-03-23 10:48:56.692210', 0, null, null, 0, 1023);
INSERT INTO public.match (match_wettkampf_id, match_nr, match_begegnung, match_mannschaft_id, match_scheibennummer, match_matchpunkte, match_satzpunkte, match_strafpunkte_satz_1, match_strafpunkte_satz_2, match_strafpunkte_satz_3, match_strafpunkte_satz_4, match_strafpunkte_satz_5, created_at_utc, created_by, last_modified_at_utc, last_modified_by, version, match_id) VALUES (30, 4, 1, 102, 1, null, null, null, null, null, null, null, '2024-03-23 10:48:56.692210', 0, null, null, 0, 1024);
INSERT INTO public.match (match_wettkampf_id, match_nr, match_begegnung, match_mannschaft_id, match_scheibennummer, match_matchpunkte, match_satzpunkte, match_strafpunkte_satz_1, match_strafpunkte_satz_2, match_strafpunkte_satz_3, match_strafpunkte_satz_4, match_strafpunkte_satz_5, created_at_utc, created_by, last_modified_at_utc, last_modified_by, version, match_id) VALUES (30, 4, 1, 105, 2, null, null, null, null, null, null, null, '2024-03-23 10:48:56.692210', 0, null, null, 0, 1025);
INSERT INTO public.match (match_wettkampf_id, match_nr, match_begegnung, match_mannschaft_id, match_scheibennummer, match_matchpunkte, match_satzpunkte, match_strafpunkte_satz_1, match_strafpunkte_satz_2, match_strafpunkte_satz_3, match_strafpunkte_satz_4, match_strafpunkte_satz_5, created_at_utc, created_by, last_modified_at_utc, last_modified_by, version, match_id) VALUES (30, 4, 2, 106, 3, null, null, null, null, null, null, null, '2024-03-23 10:48:56.692210', 0, null, null, 0, 1026);
INSERT INTO public.match (match_wettkampf_id, match_nr, match_begegnung, match_mannschaft_id, match_scheibennummer, match_matchpunkte, match_satzpunkte, match_strafpunkte_satz_1, match_strafpunkte_satz_2, match_strafpunkte_satz_3, match_strafpunkte_satz_4, match_strafpunkte_satz_5, created_at_utc, created_by, last_modified_at_utc, last_modified_by, version, match_id) VALUES (30, 4, 2, 104, 4, null, null, null, null, null, null, null, '2024-03-23 10:48:56.692210', 0, null, null, 0, 1027);
INSERT INTO public.match (match_wettkampf_id, match_nr, match_begegnung, match_mannschaft_id, match_scheibennummer, match_matchpunkte, match_satzpunkte, match_strafpunkte_satz_1, match_strafpunkte_satz_2, match_strafpunkte_satz_3, match_strafpunkte_satz_4, match_strafpunkte_satz_5, created_at_utc, created_by, last_modified_at_utc, last_modified_by, version, match_id) VALUES (30, 4, 3, 108, 5, null, null, null, null, null, null, null, '2024-03-23 10:48:56.692210', 0, null, null, 0, 1028);
INSERT INTO public.match (match_wettkampf_id, match_nr, match_begegnung, match_mannschaft_id, match_scheibennummer, match_matchpunkte, match_satzpunkte, match_strafpunkte_satz_1, match_strafpunkte_satz_2, match_strafpunkte_satz_3, match_strafpunkte_satz_4, match_strafpunkte_satz_5, created_at_utc, created_by, last_modified_at_utc, last_modified_by, version, match_id) VALUES (30, 4, 3, 101, 6, null, null, null, null, null, null, null, '2024-03-23 10:48:56.692210', 0, null, null, 0, 1029);
INSERT INTO public.match (match_wettkampf_id, match_nr, match_begegnung, match_mannschaft_id, match_scheibennummer, match_matchpunkte, match_satzpunkte, match_strafpunkte_satz_1, match_strafpunkte_satz_2, match_strafpunkte_satz_3, match_strafpunkte_satz_4, match_strafpunkte_satz_5, created_at_utc, created_by, last_modified_at_utc, last_modified_by, version, match_id) VALUES (30, 4, 4, 107, 7, null, null, null, null, null, null, null, '2024-03-23 10:48:56.692210', 0, null, null, 0, 1030);
INSERT INTO public.match (match_wettkampf_id, match_nr, match_begegnung, match_mannschaft_id, match_scheibennummer, match_matchpunkte, match_satzpunkte, match_strafpunkte_satz_1, match_strafpunkte_satz_2, match_strafpunkte_satz_3, match_strafpunkte_satz_4, match_strafpunkte_satz_5, created_at_utc, created_by, last_modified_at_utc, last_modified_by, version, match_id) VALUES (30, 4, 4, 103, 8, null, null, null, null, null, null, null, '2024-03-23 10:48:56.692210', 0, null, null, 0, 1031);
INSERT INTO public.match (match_wettkampf_id, match_nr, match_begegnung, match_mannschaft_id, match_scheibennummer, match_matchpunkte, match_satzpunkte, match_strafpunkte_satz_1, match_strafpunkte_satz_2, match_strafpunkte_satz_3, match_strafpunkte_satz_4, match_strafpunkte_satz_5, created_at_utc, created_by, last_modified_at_utc, last_modified_by, version, match_id) VALUES (2000, 1, 3, 1029, 6, null, null, null, null, null, null, null, '2020-03-01 17:14:35.105428', 0, null, null, 3, 905);
INSERT INTO public.match (match_wettkampf_id, match_nr, match_begegnung, match_mannschaft_id, match_scheibennummer, match_matchpunkte, match_satzpunkte, match_strafpunkte_satz_1, match_strafpunkte_satz_2, match_strafpunkte_satz_3, match_strafpunkte_satz_4, match_strafpunkte_satz_5, created_at_utc, created_by, last_modified_at_utc, last_modified_by, version, match_id) VALUES (2000, 1, 1, 1024, 1, null, null, null, null, null, null, null, '2020-03-01 17:14:35.105428', 0, null, null, 6, 900);
INSERT INTO public.match (match_wettkampf_id, match_nr, match_begegnung, match_mannschaft_id, match_scheibennummer, match_matchpunkte, match_satzpunkte, match_strafpunkte_satz_1, match_strafpunkte_satz_2, match_strafpunkte_satz_3, match_strafpunkte_satz_4, match_strafpunkte_satz_5, created_at_utc, created_by, last_modified_at_utc, last_modified_by, version, match_id) VALUES (2000, 1, 2, 1027, 4, null, null, null, null, null, null, null, '2020-03-01 17:14:35.105428', 0, null, null, 6, 902);
INSERT INTO public.match (match_wettkampf_id, match_nr, match_begegnung, match_mannschaft_id, match_scheibennummer, match_matchpunkte, match_satzpunkte, match_strafpunkte_satz_1, match_strafpunkte_satz_2, match_strafpunkte_satz_3, match_strafpunkte_satz_4, match_strafpunkte_satz_5, created_at_utc, created_by, last_modified_at_utc, last_modified_by, version, match_id) VALUES (2000, 1, 1, 1025, 2, null, null, null, null, null, null, null, '2020-03-01 17:14:35.105428', 0, null, null, 5, 901);
INSERT INTO public.match (match_wettkampf_id, match_nr, match_begegnung, match_mannschaft_id, match_scheibennummer, match_matchpunkte, match_satzpunkte, match_strafpunkte_satz_1, match_strafpunkte_satz_2, match_strafpunkte_satz_3, match_strafpunkte_satz_4, match_strafpunkte_satz_5, created_at_utc, created_by, last_modified_at_utc, last_modified_by, version, match_id) VALUES (2000, 1, 3, 1028, 5, null, null, null, null, null, null, null, '2020-03-01 17:14:35.105428', 0, null, null, 5, 904);
INSERT INTO public.match (match_wettkampf_id, match_nr, match_begegnung, match_mannschaft_id, match_scheibennummer, match_matchpunkte, match_satzpunkte, match_strafpunkte_satz_1, match_strafpunkte_satz_2, match_strafpunkte_satz_3, match_strafpunkte_satz_4, match_strafpunkte_satz_5, created_at_utc, created_by, last_modified_at_utc, last_modified_by, version, match_id) VALUES (2000, 1, 2, 1026, 3, null, null, null, null, null, null, null, '2020-03-01 17:14:35.105428', 0, null, null, 6, 908);
INSERT INTO public.match (match_wettkampf_id, match_nr, match_begegnung, match_mannschaft_id, match_scheibennummer, match_matchpunkte, match_satzpunkte, match_strafpunkte_satz_1, match_strafpunkte_satz_2, match_strafpunkte_satz_3, match_strafpunkte_satz_4, match_strafpunkte_satz_5, created_at_utc, created_by, last_modified_at_utc, last_modified_by, version, match_id) VALUES (2000, 1, 4, 1031, 8, null, null, null, null, null, null, null, '2020-03-01 17:14:35.105428', 0, null, null, 5, 907);
INSERT INTO public.match (match_wettkampf_id, match_nr, match_begegnung, match_mannschaft_id, match_scheibennummer, match_matchpunkte, match_satzpunkte, match_strafpunkte_satz_1, match_strafpunkte_satz_2, match_strafpunkte_satz_3, match_strafpunkte_satz_4, match_strafpunkte_satz_5, created_at_utc, created_by, last_modified_at_utc, last_modified_by, version, match_id) VALUES (2000, 1, 4, 1030, 7, null, null, null, null, null, null, null, '2020-03-01 17:14:35.105428', 0, null, null, 6, 906);
INSERT INTO public.match (match_wettkampf_id, match_nr, match_begegnung, match_mannschaft_id, match_scheibennummer, match_matchpunkte, match_satzpunkte, match_strafpunkte_satz_1, match_strafpunkte_satz_2, match_strafpunkte_satz_3, match_strafpunkte_satz_4, match_strafpunkte_satz_5, created_at_utc, created_by, last_modified_at_utc, last_modified_by, version, match_id) VALUES (2006, 1, 3, 1029, 6, null, null, null, null, null, null, null, '2020-03-01 17:14:35.105428', 0, null, null, 3, 1054);
INSERT INTO public.match (match_wettkampf_id, match_nr, match_begegnung, match_mannschaft_id, match_scheibennummer, match_matchpunkte, match_satzpunkte, match_strafpunkte_satz_1, match_strafpunkte_satz_2, match_strafpunkte_satz_3, match_strafpunkte_satz_4, match_strafpunkte_satz_5, created_at_utc, created_by, last_modified_at_utc, last_modified_by, version, match_id) VALUES (2006, 1, 1, 1024, 1, null, null, null, null, null, null, null, '2020-03-01 17:14:35.105428', 0, null, null, 6, 1050);
INSERT INTO public.match (match_wettkampf_id, match_nr, match_begegnung, match_mannschaft_id, match_scheibennummer, match_matchpunkte, match_satzpunkte, match_strafpunkte_satz_1, match_strafpunkte_satz_2, match_strafpunkte_satz_3, match_strafpunkte_satz_4, match_strafpunkte_satz_5, created_at_utc, created_by, last_modified_at_utc, last_modified_by, version, match_id) VALUES (2006, 1, 2, 1027, 4, null, null, null, null, null, null, null, '2020-03-01 17:14:35.105428', 0, null, null, 6, 1052);
INSERT INTO public.match (match_wettkampf_id, match_nr, match_begegnung, match_mannschaft_id, match_scheibennummer, match_matchpunkte, match_satzpunkte, match_strafpunkte_satz_1, match_strafpunkte_satz_2, match_strafpunkte_satz_3, match_strafpunkte_satz_4, match_strafpunkte_satz_5, created_at_utc, created_by, last_modified_at_utc, last_modified_by, version, match_id) VALUES (2006, 1, 1, 1025, 2, null, null, null, null, null, null, null, '2020-03-01 17:14:35.105428', 0, null, null, 5, 1051);
INSERT INTO public.match (match_wettkampf_id, match_nr, match_begegnung, match_mannschaft_id, match_scheibennummer, match_matchpunkte, match_satzpunkte, match_strafpunkte_satz_1, match_strafpunkte_satz_2, match_strafpunkte_satz_3, match_strafpunkte_satz_4, match_strafpunkte_satz_5, created_at_utc, created_by, last_modified_at_utc, last_modified_by, version, match_id) VALUES (2006, 1, 3, 1028, 5, null, null, null, null, null, null, null, '2020-03-01 17:14:35.105428', 0, null, null, 5, 1053);
INSERT INTO public.match (match_wettkampf_id, match_nr, match_begegnung, match_mannschaft_id, match_scheibennummer, match_matchpunkte, match_satzpunkte, match_strafpunkte_satz_1, match_strafpunkte_satz_2, match_strafpunkte_satz_3, match_strafpunkte_satz_4, match_strafpunkte_satz_5, created_at_utc, created_by, last_modified_at_utc, last_modified_by, version, match_id) VALUES (2006, 1, 2, 1026, 3, null, null, null, null, null, null, null, '2020-03-01 17:14:35.105428', 0, null, null, 6, 1058);
INSERT INTO public.match (match_wettkampf_id, match_nr, match_begegnung, match_mannschaft_id, match_scheibennummer, match_matchpunkte, match_satzpunkte, match_strafpunkte_satz_1, match_strafpunkte_satz_2, match_strafpunkte_satz_3, match_strafpunkte_satz_4, match_strafpunkte_satz_5, created_at_utc, created_by, last_modified_at_utc, last_modified_by, version, match_id) VALUES (2006, 1, 4, 1031, 8, null, null, null, null, null, null, null, '2020-03-01 17:14:35.105428', 0, null, null, 5, 1057);
INSERT INTO public.match (match_wettkampf_id, match_nr, match_begegnung, match_mannschaft_id, match_scheibennummer, match_matchpunkte, match_satzpunkte, match_strafpunkte_satz_1, match_strafpunkte_satz_2, match_strafpunkte_satz_3, match_strafpunkte_satz_4, match_strafpunkte_satz_5, created_at_utc, created_by, last_modified_at_utc, last_modified_by, version, match_id) VALUES (2006, 1, 4, 1030, 7, null, null, null, null, null, null, null, '2020-03-01 17:14:35.105428', 0, null, null, 6, 1056);





INSERT INTO public.passe (passe_mannschaft_id, passe_wettkampf_id, passe_match_nr, passe_lfdnr, passe_dsb_mitglied_id, passe_ringzahl_pfeil1, passe_ringzahl_pfeil2, passe_ringzahl_pfeil3, passe_ringzahl_pfeil4, passe_ringzahl_pfeil5, passe_ringzahl_pfeil6, created_at_utc, created_by, last_modified_at_utc, last_modified_by, version, passe_id, passe_match_id) VALUES (101, 30, 1, 1, 28, 9, 9, null, null, null, null, '2024-03-23 10:48:56.692210', 0, null, null, 1, 1000, 1000);
INSERT INTO public.passe (passe_mannschaft_id, passe_wettkampf_id, passe_match_nr, passe_lfdnr, passe_dsb_mitglied_id, passe_ringzahl_pfeil1, passe_ringzahl_pfeil2, passe_ringzahl_pfeil3, passe_ringzahl_pfeil4, passe_ringzahl_pfeil5, passe_ringzahl_pfeil6, created_at_utc, created_by, last_modified_at_utc, last_modified_by, version, passe_id, passe_match_id) VALUES (101, 30, 1, 1, 31, 10, 10, null, null, null, null, '2024-03-23 10:48:56.692210', 0, null, null, 1, 1001, 1000);
INSERT INTO public.passe (passe_mannschaft_id, passe_wettkampf_id, passe_match_nr, passe_lfdnr, passe_dsb_mitglied_id, passe_ringzahl_pfeil1, passe_ringzahl_pfeil2, passe_ringzahl_pfeil3, passe_ringzahl_pfeil4, passe_ringzahl_pfeil5, passe_ringzahl_pfeil6, created_at_utc, created_by, last_modified_at_utc, last_modified_by, version, passe_id, passe_match_id) VALUES (101, 30, 1, 1, 47, 10, 8, null, null, null, null, '2024-03-23 10:48:56.692210', 0, null, null, 1, 1002, 1000);
INSERT INTO public.passe (passe_mannschaft_id, passe_wettkampf_id, passe_match_nr, passe_lfdnr, passe_dsb_mitglied_id, passe_ringzahl_pfeil1, passe_ringzahl_pfeil2, passe_ringzahl_pfeil3, passe_ringzahl_pfeil4, passe_ringzahl_pfeil5, passe_ringzahl_pfeil6, created_at_utc, created_by, last_modified_at_utc, last_modified_by, version, passe_id, passe_match_id) VALUES (101, 30, 1, 2, 28, 9, 6, null, null, null, null, '2024-03-23 10:48:56.692210', 0, null, null, 1, 1003, 1000);
INSERT INTO public.passe (passe_mannschaft_id, passe_wettkampf_id, passe_match_nr, passe_lfdnr, passe_dsb_mitglied_id, passe_ringzahl_pfeil1, passe_ringzahl_pfeil2, passe_ringzahl_pfeil3, passe_ringzahl_pfeil4, passe_ringzahl_pfeil5, passe_ringzahl_pfeil6, created_at_utc, created_by, last_modified_at_utc, last_modified_by, version, passe_id, passe_match_id) VALUES (101, 30, 1, 2, 31, 10, 10, null, null, null, null, '2024-03-23 10:48:56.692210', 0, null, null, 1, 1004, 1000);
INSERT INTO public.passe (passe_mannschaft_id, passe_wettkampf_id, passe_match_nr, passe_lfdnr, passe_dsb_mitglied_id, passe_ringzahl_pfeil1, passe_ringzahl_pfeil2, passe_ringzahl_pfeil3, passe_ringzahl_pfeil4, passe_ringzahl_pfeil5, passe_ringzahl_pfeil6, created_at_utc, created_by, last_modified_at_utc, last_modified_by, version, passe_id, passe_match_id) VALUES (101, 30, 1, 2, 47, 10, 8, null, null, null, null, '2024-03-23 10:48:56.692210', 0, null, null, 1, 1005, 1000);
INSERT INTO public.passe (passe_mannschaft_id, passe_wettkampf_id, passe_match_nr, passe_lfdnr, passe_dsb_mitglied_id, passe_ringzahl_pfeil1, passe_ringzahl_pfeil2, passe_ringzahl_pfeil3, passe_ringzahl_pfeil4, passe_ringzahl_pfeil5, passe_ringzahl_pfeil6, created_at_utc, created_by, last_modified_at_utc, last_modified_by, version, passe_id, passe_match_id) VALUES (101, 30, 1, 3, 28, 9, 6, null, null, null, null, '2024-03-23 10:48:56.692210', 0, null, null, 1, 1006, 1000);
INSERT INTO public.passe (passe_mannschaft_id, passe_wettkampf_id, passe_match_nr, passe_lfdnr, passe_dsb_mitglied_id, passe_ringzahl_pfeil1, passe_ringzahl_pfeil2, passe_ringzahl_pfeil3, passe_ringzahl_pfeil4, passe_ringzahl_pfeil5, passe_ringzahl_pfeil6, created_at_utc, created_by, last_modified_at_utc, last_modified_by, version, passe_id, passe_match_id) VALUES (101, 30, 1, 3, 31, 10, 8, null, null, null, null, '2024-03-23 10:48:56.692210', 0, null, null, 1, 1007, 1000);
INSERT INTO public.passe (passe_mannschaft_id, passe_wettkampf_id, passe_match_nr, passe_lfdnr, passe_dsb_mitglied_id, passe_ringzahl_pfeil1, passe_ringzahl_pfeil2, passe_ringzahl_pfeil3, passe_ringzahl_pfeil4, passe_ringzahl_pfeil5, passe_ringzahl_pfeil6, created_at_utc, created_by, last_modified_at_utc, last_modified_by, version, passe_id, passe_match_id) VALUES (101, 30, 1, 3, 47, 10, 8, null, null, null, null, '2024-03-23 10:48:56.692210', 0, null, null, 1, 1008, 1000);
INSERT INTO public.passe (passe_mannschaft_id, passe_wettkampf_id, passe_match_nr, passe_lfdnr, passe_dsb_mitglied_id, passe_ringzahl_pfeil1, passe_ringzahl_pfeil2, passe_ringzahl_pfeil3, passe_ringzahl_pfeil4, passe_ringzahl_pfeil5, passe_ringzahl_pfeil6, created_at_utc, created_by, last_modified_at_utc, last_modified_by, version, passe_id, passe_match_id) VALUES (101, 30, 1, 4, 28, 9, 9, null, null, null, null, '2024-03-23 10:48:56.692210', 0, null, null, 1, 1009, 1000);
INSERT INTO public.passe (passe_mannschaft_id, passe_wettkampf_id, passe_match_nr, passe_lfdnr, passe_dsb_mitglied_id, passe_ringzahl_pfeil1, passe_ringzahl_pfeil2, passe_ringzahl_pfeil3, passe_ringzahl_pfeil4, passe_ringzahl_pfeil5, passe_ringzahl_pfeil6, created_at_utc, created_by, last_modified_at_utc, last_modified_by, version, passe_id, passe_match_id) VALUES (101, 30, 1, 4, 31, 10, 10, null, null, null, null, '2024-03-23 10:48:56.692210', 0, null, null, 1, 1010, 1000);
INSERT INTO public.passe (passe_mannschaft_id, passe_wettkampf_id, passe_match_nr, passe_lfdnr, passe_dsb_mitglied_id, passe_ringzahl_pfeil1, passe_ringzahl_pfeil2, passe_ringzahl_pfeil3, passe_ringzahl_pfeil4, passe_ringzahl_pfeil5, passe_ringzahl_pfeil6, created_at_utc, created_by, last_modified_at_utc, last_modified_by, version, passe_id, passe_match_id) VALUES (101, 30, 1, 4, 47, 10, 8, null, null, null, null, '2024-03-23 10:48:56.692210', 0, null, null, 1, 1011, 1000);
INSERT INTO public.passe (passe_mannschaft_id, passe_wettkampf_id, passe_match_nr, passe_lfdnr, passe_dsb_mitglied_id, passe_ringzahl_pfeil1, passe_ringzahl_pfeil2, passe_ringzahl_pfeil3, passe_ringzahl_pfeil4, passe_ringzahl_pfeil5, passe_ringzahl_pfeil6, created_at_utc, created_by, last_modified_at_utc, last_modified_by, version, passe_id, passe_match_id) VALUES (102, 30, 1, 1, 441, 8, 7, null, null, null, null, '2024-03-23 10:48:56.692210', 0, null, null, 1, 1012, 1001);
INSERT INTO public.passe (passe_mannschaft_id, passe_wettkampf_id, passe_match_nr, passe_lfdnr, passe_dsb_mitglied_id, passe_ringzahl_pfeil1, passe_ringzahl_pfeil2, passe_ringzahl_pfeil3, passe_ringzahl_pfeil4, passe_ringzahl_pfeil5, passe_ringzahl_pfeil6, created_at_utc, created_by, last_modified_at_utc, last_modified_by, version, passe_id, passe_match_id) VALUES (102, 30, 1, 1, 393, 10, 10, null, null, null, null, '2024-03-23 10:48:56.692210', 0, null, null, 1, 1013, 1001);
INSERT INTO public.passe (passe_mannschaft_id, passe_wettkampf_id, passe_match_nr, passe_lfdnr, passe_dsb_mitglied_id, passe_ringzahl_pfeil1, passe_ringzahl_pfeil2, passe_ringzahl_pfeil3, passe_ringzahl_pfeil4, passe_ringzahl_pfeil5, passe_ringzahl_pfeil6, created_at_utc, created_by, last_modified_at_utc, last_modified_by, version, passe_id, passe_match_id) VALUES (102, 30, 1, 1, 385, 8, 7, null, null, null, null, '2024-03-23 10:48:56.692210', 0, null, null, 1, 1014, 1001);
INSERT INTO public.passe (passe_mannschaft_id, passe_wettkampf_id, passe_match_nr, passe_lfdnr, passe_dsb_mitglied_id, passe_ringzahl_pfeil1, passe_ringzahl_pfeil2, passe_ringzahl_pfeil3, passe_ringzahl_pfeil4, passe_ringzahl_pfeil5, passe_ringzahl_pfeil6, created_at_utc, created_by, last_modified_at_utc, last_modified_by, version, passe_id, passe_match_id) VALUES (102, 30, 1, 2, 441, 10, 7, null, null, null, null, '2024-03-23 10:48:56.692210', 0, null, null, 1, 1015, 1001);
INSERT INTO public.passe (passe_mannschaft_id, passe_wettkampf_id, passe_match_nr, passe_lfdnr, passe_dsb_mitglied_id, passe_ringzahl_pfeil1, passe_ringzahl_pfeil2, passe_ringzahl_pfeil3, passe_ringzahl_pfeil4, passe_ringzahl_pfeil5, passe_ringzahl_pfeil6, created_at_utc, created_by, last_modified_at_utc, last_modified_by, version, passe_id, passe_match_id) VALUES (102, 30, 1, 2, 393, 10, 8, null, null, null, null, '2024-03-23 10:48:56.692210', 0, null, null, 1, 1016, 1001);
INSERT INTO public.passe (passe_mannschaft_id, passe_wettkampf_id, passe_match_nr, passe_lfdnr, passe_dsb_mitglied_id, passe_ringzahl_pfeil1, passe_ringzahl_pfeil2, passe_ringzahl_pfeil3, passe_ringzahl_pfeil4, passe_ringzahl_pfeil5, passe_ringzahl_pfeil6, created_at_utc, created_by, last_modified_at_utc, last_modified_by, version, passe_id, passe_match_id) VALUES (102, 30, 1, 2, 385, 8, 7, null, null, null, null, '2024-03-23 10:48:56.692210', 0, null, null, 1, 1017, 1001);
INSERT INTO public.passe (passe_mannschaft_id, passe_wettkampf_id, passe_match_nr, passe_lfdnr, passe_dsb_mitglied_id, passe_ringzahl_pfeil1, passe_ringzahl_pfeil2, passe_ringzahl_pfeil3, passe_ringzahl_pfeil4, passe_ringzahl_pfeil5, passe_ringzahl_pfeil6, created_at_utc, created_by, last_modified_at_utc, last_modified_by, version, passe_id, passe_match_id) VALUES (102, 30, 1, 3, 441, 10, 7, null, null, null, null, '2024-03-23 10:48:56.692210', 0, null, null, 1, 1018, 1001);
INSERT INTO public.passe (passe_mannschaft_id, passe_wettkampf_id, passe_match_nr, passe_lfdnr, passe_dsb_mitglied_id, passe_ringzahl_pfeil1, passe_ringzahl_pfeil2, passe_ringzahl_pfeil3, passe_ringzahl_pfeil4, passe_ringzahl_pfeil5, passe_ringzahl_pfeil6, created_at_utc, created_by, last_modified_at_utc, last_modified_by, version, passe_id, passe_match_id) VALUES (102, 30, 1, 3, 393, 10, 8, null, null, null, null, '2024-03-23 10:48:56.692210', 0, null, null, 1, 1019, 1001);
INSERT INTO public.passe (passe_mannschaft_id, passe_wettkampf_id, passe_match_nr, passe_lfdnr, passe_dsb_mitglied_id, passe_ringzahl_pfeil1, passe_ringzahl_pfeil2, passe_ringzahl_pfeil3, passe_ringzahl_pfeil4, passe_ringzahl_pfeil5, passe_ringzahl_pfeil6, created_at_utc, created_by, last_modified_at_utc, last_modified_by, version, passe_id, passe_match_id) VALUES (102, 30, 1, 3, 385, 9, 9, null, null, null, null, '2024-03-23 10:48:56.692210', 0, null, null, 1, 1020, 1001);
INSERT INTO public.passe (passe_mannschaft_id, passe_wettkampf_id, passe_match_nr, passe_lfdnr, passe_dsb_mitglied_id, passe_ringzahl_pfeil1, passe_ringzahl_pfeil2, passe_ringzahl_pfeil3, passe_ringzahl_pfeil4, passe_ringzahl_pfeil5, passe_ringzahl_pfeil6, created_at_utc, created_by, last_modified_at_utc, last_modified_by, version, passe_id, passe_match_id) VALUES (102, 30, 1, 4, 441, 10, 7, null, null, null, null, '2024-03-23 10:48:56.692210', 0, null, null, 1, 1021, 1001);
INSERT INTO public.passe (passe_mannschaft_id, passe_wettkampf_id, passe_match_nr, passe_lfdnr, passe_dsb_mitglied_id, passe_ringzahl_pfeil1, passe_ringzahl_pfeil2, passe_ringzahl_pfeil3, passe_ringzahl_pfeil4, passe_ringzahl_pfeil5, passe_ringzahl_pfeil6, created_at_utc, created_by, last_modified_at_utc, last_modified_by, version, passe_id, passe_match_id) VALUES (102, 30, 1, 4, 393, 10, 8, null, null, null, null, '2024-03-23 10:48:56.692210', 0, null, null, 1, 1022, 1001);
INSERT INTO public.passe (passe_mannschaft_id, passe_wettkampf_id, passe_match_nr, passe_lfdnr, passe_dsb_mitglied_id, passe_ringzahl_pfeil1, passe_ringzahl_pfeil2, passe_ringzahl_pfeil3, passe_ringzahl_pfeil4, passe_ringzahl_pfeil5, passe_ringzahl_pfeil6, created_at_utc, created_by, last_modified_at_utc, last_modified_by, version, passe_id, passe_match_id) VALUES (102, 30, 1, 4, 385, 10, 8, null, null, null, null, '2024-03-23 10:48:56.692210', 0, null, null, 1, 1023, 1001);
INSERT INTO public.passe (passe_mannschaft_id, passe_wettkampf_id, passe_match_nr, passe_lfdnr, passe_dsb_mitglied_id, passe_ringzahl_pfeil1, passe_ringzahl_pfeil2, passe_ringzahl_pfeil3, passe_ringzahl_pfeil4, passe_ringzahl_pfeil5, passe_ringzahl_pfeil6, created_at_utc, created_by, last_modified_at_utc, last_modified_by, version, passe_id, passe_match_id) VALUES (103, 30, 1, 1, 71, 8, 7, null, null, null, null, '2024-03-23 10:48:56.692210', 0, null, null, 1, 1024, 1002);
INSERT INTO public.passe (passe_mannschaft_id, passe_wettkampf_id, passe_match_nr, passe_lfdnr, passe_dsb_mitglied_id, passe_ringzahl_pfeil1, passe_ringzahl_pfeil2, passe_ringzahl_pfeil3, passe_ringzahl_pfeil4, passe_ringzahl_pfeil5, passe_ringzahl_pfeil6, created_at_utc, created_by, last_modified_at_utc, last_modified_by, version, passe_id, passe_match_id) VALUES (103, 30, 1, 1, 80, 10, 10, null, null, null, null, '2024-03-23 10:48:56.692210', 0, null, null, 1, 1025, 1002);
INSERT INTO public.passe (passe_mannschaft_id, passe_wettkampf_id, passe_match_nr, passe_lfdnr, passe_dsb_mitglied_id, passe_ringzahl_pfeil1, passe_ringzahl_pfeil2, passe_ringzahl_pfeil3, passe_ringzahl_pfeil4, passe_ringzahl_pfeil5, passe_ringzahl_pfeil6, created_at_utc, created_by, last_modified_at_utc, last_modified_by, version, passe_id, passe_match_id) VALUES (103, 30, 1, 1, 103, 8, 7, null, null, null, null, '2024-03-23 10:48:56.692210', 0, null, null, 1, 1026, 1002);
INSERT INTO public.passe (passe_mannschaft_id, passe_wettkampf_id, passe_match_nr, passe_lfdnr, passe_dsb_mitglied_id, passe_ringzahl_pfeil1, passe_ringzahl_pfeil2, passe_ringzahl_pfeil3, passe_ringzahl_pfeil4, passe_ringzahl_pfeil5, passe_ringzahl_pfeil6, created_at_utc, created_by, last_modified_at_utc, last_modified_by, version, passe_id, passe_match_id) VALUES (103, 30, 1, 2, 71, 10, 7, null, null, null, null, '2024-03-23 10:48:56.692210', 0, null, null, 1, 1027, 1002);
INSERT INTO public.passe (passe_mannschaft_id, passe_wettkampf_id, passe_match_nr, passe_lfdnr, passe_dsb_mitglied_id, passe_ringzahl_pfeil1, passe_ringzahl_pfeil2, passe_ringzahl_pfeil3, passe_ringzahl_pfeil4, passe_ringzahl_pfeil5, passe_ringzahl_pfeil6, created_at_utc, created_by, last_modified_at_utc, last_modified_by, version, passe_id, passe_match_id) VALUES (103, 30, 1, 2, 80, 10, 7, null, null, null, null, '2024-03-23 10:48:56.692210', 0, null, null, 1, 1028, 1002);
INSERT INTO public.passe (passe_mannschaft_id, passe_wettkampf_id, passe_match_nr, passe_lfdnr, passe_dsb_mitglied_id, passe_ringzahl_pfeil1, passe_ringzahl_pfeil2, passe_ringzahl_pfeil3, passe_ringzahl_pfeil4, passe_ringzahl_pfeil5, passe_ringzahl_pfeil6, created_at_utc, created_by, last_modified_at_utc, last_modified_by, version, passe_id, passe_match_id) VALUES (103, 30, 1, 2, 103, 10, 10, null, null, null, null, '2024-03-23 10:48:56.692210', 0, null, null, 1, 1029, 1002);
INSERT INTO public.passe (passe_mannschaft_id, passe_wettkampf_id, passe_match_nr, passe_lfdnr, passe_dsb_mitglied_id, passe_ringzahl_pfeil1, passe_ringzahl_pfeil2, passe_ringzahl_pfeil3, passe_ringzahl_pfeil4, passe_ringzahl_pfeil5, passe_ringzahl_pfeil6, created_at_utc, created_by, last_modified_at_utc, last_modified_by, version, passe_id, passe_match_id) VALUES (103, 30, 1, 3, 71, 7, 7, null, null, null, null, '2024-03-23 10:48:56.692210', 0, null, null, 1, 1030, 1002);
INSERT INTO public.passe (passe_mannschaft_id, passe_wettkampf_id, passe_match_nr, passe_lfdnr, passe_dsb_mitglied_id, passe_ringzahl_pfeil1, passe_ringzahl_pfeil2, passe_ringzahl_pfeil3, passe_ringzahl_pfeil4, passe_ringzahl_pfeil5, passe_ringzahl_pfeil6, created_at_utc, created_by, last_modified_at_utc, last_modified_by, version, passe_id, passe_match_id) VALUES (103, 30, 1, 3, 80, 10, 8, null, null, null, null, '2024-03-23 10:48:56.692210', 0, null, null, 1, 1031, 1002);
INSERT INTO public.passe (passe_mannschaft_id, passe_wettkampf_id, passe_match_nr, passe_lfdnr, passe_dsb_mitglied_id, passe_ringzahl_pfeil1, passe_ringzahl_pfeil2, passe_ringzahl_pfeil3, passe_ringzahl_pfeil4, passe_ringzahl_pfeil5, passe_ringzahl_pfeil6, created_at_utc, created_by, last_modified_at_utc, last_modified_by, version, passe_id, passe_match_id) VALUES (103, 30, 1, 3, 103, 9, 6, null, null, null, null, '2024-03-23 10:48:56.692210', 0, null, null, 1, 1032, 1002);
INSERT INTO public.passe (passe_mannschaft_id, passe_wettkampf_id, passe_match_nr, passe_lfdnr, passe_dsb_mitglied_id, passe_ringzahl_pfeil1, passe_ringzahl_pfeil2, passe_ringzahl_pfeil3, passe_ringzahl_pfeil4, passe_ringzahl_pfeil5, passe_ringzahl_pfeil6, created_at_utc, created_by, last_modified_at_utc, last_modified_by, version, passe_id, passe_match_id) VALUES (103, 30, 1, 4, 71, 10, 10, null, null, null, null, '2024-03-23 10:48:56.692210', 0, null, null, 1, 1033, 1002);
INSERT INTO public.passe (passe_mannschaft_id, passe_wettkampf_id, passe_match_nr, passe_lfdnr, passe_dsb_mitglied_id, passe_ringzahl_pfeil1, passe_ringzahl_pfeil2, passe_ringzahl_pfeil3, passe_ringzahl_pfeil4, passe_ringzahl_pfeil5, passe_ringzahl_pfeil6, created_at_utc, created_by, last_modified_at_utc, last_modified_by, version, passe_id, passe_match_id) VALUES (103, 30, 1, 4, 80, 10, 8, null, null, null, null, '2024-03-23 10:48:56.692210', 0, null, null, 1, 1034, 1002);
INSERT INTO public.passe (passe_mannschaft_id, passe_wettkampf_id, passe_match_nr, passe_lfdnr, passe_dsb_mitglied_id, passe_ringzahl_pfeil1, passe_ringzahl_pfeil2, passe_ringzahl_pfeil3, passe_ringzahl_pfeil4, passe_ringzahl_pfeil5, passe_ringzahl_pfeil6, created_at_utc, created_by, last_modified_at_utc, last_modified_by, version, passe_id, passe_match_id) VALUES (103, 30, 1, 4, 103, 10, 10, null, null, null, null, '2024-03-23 10:48:56.692210', 0, null, null, 1, 1035, 1002);
INSERT INTO public.passe (passe_mannschaft_id, passe_wettkampf_id, passe_match_nr, passe_lfdnr, passe_dsb_mitglied_id, passe_ringzahl_pfeil1, passe_ringzahl_pfeil2, passe_ringzahl_pfeil3, passe_ringzahl_pfeil4, passe_ringzahl_pfeil5, passe_ringzahl_pfeil6, created_at_utc, created_by, last_modified_at_utc, last_modified_by, version, passe_id, passe_match_id) VALUES (103, 30, 1, 5, 71, 10, 7, null, null, null, null, '2024-03-23 10:48:56.692210', 0, null, null, 1, 1036, 1002);
INSERT INTO public.passe (passe_mannschaft_id, passe_wettkampf_id, passe_match_nr, passe_lfdnr, passe_dsb_mitglied_id, passe_ringzahl_pfeil1, passe_ringzahl_pfeil2, passe_ringzahl_pfeil3, passe_ringzahl_pfeil4, passe_ringzahl_pfeil5, passe_ringzahl_pfeil6, created_at_utc, created_by, last_modified_at_utc, last_modified_by, version, passe_id, passe_match_id) VALUES (103, 30, 1, 5, 80, 10, 8, null, null, null, null, '2024-03-23 10:48:56.692210', 0, null, null, 1, 1037, 1002);
INSERT INTO public.passe (passe_mannschaft_id, passe_wettkampf_id, passe_match_nr, passe_lfdnr, passe_dsb_mitglied_id, passe_ringzahl_pfeil1, passe_ringzahl_pfeil2, passe_ringzahl_pfeil3, passe_ringzahl_pfeil4, passe_ringzahl_pfeil5, passe_ringzahl_pfeil6, created_at_utc, created_by, last_modified_at_utc, last_modified_by, version, passe_id, passe_match_id) VALUES (103, 30, 1, 5, 103, 10, 7, null, null, null, null, '2024-03-23 10:48:56.692210', 0, null, null, 1, 1038, 1002);
INSERT INTO public.passe (passe_mannschaft_id, passe_wettkampf_id, passe_match_nr, passe_lfdnr, passe_dsb_mitglied_id, passe_ringzahl_pfeil1, passe_ringzahl_pfeil2, passe_ringzahl_pfeil3, passe_ringzahl_pfeil4, passe_ringzahl_pfeil5, passe_ringzahl_pfeil6, created_at_utc, created_by, last_modified_at_utc, last_modified_by, version, passe_id, passe_match_id) VALUES (104, 30, 1, 1, 193, 8, 7, null, null, null, null, '2024-03-23 10:48:56.692210', 0, null, null, 1, 1039, 1003);
INSERT INTO public.passe (passe_mannschaft_id, passe_wettkampf_id, passe_match_nr, passe_lfdnr, passe_dsb_mitglied_id, passe_ringzahl_pfeil1, passe_ringzahl_pfeil2, passe_ringzahl_pfeil3, passe_ringzahl_pfeil4, passe_ringzahl_pfeil5, passe_ringzahl_pfeil6, created_at_utc, created_by, last_modified_at_utc, last_modified_by, version, passe_id, passe_match_id) VALUES (104, 30, 1, 1, 189, 10, 10, null, null, null, null, '2024-03-23 10:48:56.692210', 0, null, null, 1, 1040, 1003);
INSERT INTO public.passe (passe_mannschaft_id, passe_wettkampf_id, passe_match_nr, passe_lfdnr, passe_dsb_mitglied_id, passe_ringzahl_pfeil1, passe_ringzahl_pfeil2, passe_ringzahl_pfeil3, passe_ringzahl_pfeil4, passe_ringzahl_pfeil5, passe_ringzahl_pfeil6, created_at_utc, created_by, last_modified_at_utc, last_modified_by, version, passe_id, passe_match_id) VALUES (104, 30, 1, 1, 249, 8, 7, null, null, null, null, '2024-03-23 10:48:56.692210', 0, null, null, 1, 1041, 1003);
INSERT INTO public.passe (passe_mannschaft_id, passe_wettkampf_id, passe_match_nr, passe_lfdnr, passe_dsb_mitglied_id, passe_ringzahl_pfeil1, passe_ringzahl_pfeil2, passe_ringzahl_pfeil3, passe_ringzahl_pfeil4, passe_ringzahl_pfeil5, passe_ringzahl_pfeil6, created_at_utc, created_by, last_modified_at_utc, last_modified_by, version, passe_id, passe_match_id) VALUES (104, 30, 1, 2, 193, 8, 7, null, null, null, null, '2024-03-23 10:48:56.692210', 0, null, null, 1, 1042, 1003);
INSERT INTO public.passe (passe_mannschaft_id, passe_wettkampf_id, passe_match_nr, passe_lfdnr, passe_dsb_mitglied_id, passe_ringzahl_pfeil1, passe_ringzahl_pfeil2, passe_ringzahl_pfeil3, passe_ringzahl_pfeil4, passe_ringzahl_pfeil5, passe_ringzahl_pfeil6, created_at_utc, created_by, last_modified_at_utc, last_modified_by, version, passe_id, passe_match_id) VALUES (104, 30, 1, 2, 189, 7, 6, null, null, null, null, '2024-03-23 10:48:56.692210', 0, null, null, 1, 1043, 1003);
INSERT INTO public.passe (passe_mannschaft_id, passe_wettkampf_id, passe_match_nr, passe_lfdnr, passe_dsb_mitglied_id, passe_ringzahl_pfeil1, passe_ringzahl_pfeil2, passe_ringzahl_pfeil3, passe_ringzahl_pfeil4, passe_ringzahl_pfeil5, passe_ringzahl_pfeil6, created_at_utc, created_by, last_modified_at_utc, last_modified_by, version, passe_id, passe_match_id) VALUES (104, 30, 1, 2, 249, 8, 7, null, null, null, null, '2024-03-23 10:48:56.692210', 0, null, null, 1, 1044, 1003);
INSERT INTO public.passe (passe_mannschaft_id, passe_wettkampf_id, passe_match_nr, passe_lfdnr, passe_dsb_mitglied_id, passe_ringzahl_pfeil1, passe_ringzahl_pfeil2, passe_ringzahl_pfeil3, passe_ringzahl_pfeil4, passe_ringzahl_pfeil5, passe_ringzahl_pfeil6, created_at_utc, created_by, last_modified_at_utc, last_modified_by, version, passe_id, passe_match_id) VALUES (104, 30, 1, 3, 193, 10, 7, null, null, null, null, '2024-03-23 10:48:56.692210', 0, null, null, 1, 1045, 1003);
INSERT INTO public.passe (passe_mannschaft_id, passe_wettkampf_id, passe_match_nr, passe_lfdnr, passe_dsb_mitglied_id, passe_ringzahl_pfeil1, passe_ringzahl_pfeil2, passe_ringzahl_pfeil3, passe_ringzahl_pfeil4, passe_ringzahl_pfeil5, passe_ringzahl_pfeil6, created_at_utc, created_by, last_modified_at_utc, last_modified_by, version, passe_id, passe_match_id) VALUES (104, 30, 1, 3, 189, 9, 6, null, null, null, null, '2024-03-23 10:48:56.692210', 0, null, null, 1, 1046, 1003);
INSERT INTO public.passe (passe_mannschaft_id, passe_wettkampf_id, passe_match_nr, passe_lfdnr, passe_dsb_mitglied_id, passe_ringzahl_pfeil1, passe_ringzahl_pfeil2, passe_ringzahl_pfeil3, passe_ringzahl_pfeil4, passe_ringzahl_pfeil5, passe_ringzahl_pfeil6, created_at_utc, created_by, last_modified_at_utc, last_modified_by, version, passe_id, passe_match_id) VALUES (104, 30, 1, 3, 249, 10, 7, null, null, null, null, '2024-03-23 10:48:56.692210', 0, null, null, 1, 1047, 1003);
INSERT INTO public.passe (passe_mannschaft_id, passe_wettkampf_id, passe_match_nr, passe_lfdnr, passe_dsb_mitglied_id, passe_ringzahl_pfeil1, passe_ringzahl_pfeil2, passe_ringzahl_pfeil3, passe_ringzahl_pfeil4, passe_ringzahl_pfeil5, passe_ringzahl_pfeil6, created_at_utc, created_by, last_modified_at_utc, last_modified_by, version, passe_id, passe_match_id) VALUES (104, 30, 1, 4, 193, 10, 7, null, null, null, null, '2024-03-23 10:48:56.692210', 0, null, null, 1, 1048, 1003);
INSERT INTO public.passe (passe_mannschaft_id, passe_wettkampf_id, passe_match_nr, passe_lfdnr, passe_dsb_mitglied_id, passe_ringzahl_pfeil1, passe_ringzahl_pfeil2, passe_ringzahl_pfeil3, passe_ringzahl_pfeil4, passe_ringzahl_pfeil5, passe_ringzahl_pfeil6, created_at_utc, created_by, last_modified_at_utc, last_modified_by, version, passe_id, passe_match_id) VALUES (104, 30, 1, 4, 189, 7, 6, null, null, null, null, '2024-03-23 10:48:56.692210', 0, null, null, 1, 1049, 1003);
INSERT INTO public.passe (passe_mannschaft_id, passe_wettkampf_id, passe_match_nr, passe_lfdnr, passe_dsb_mitglied_id, passe_ringzahl_pfeil1, passe_ringzahl_pfeil2, passe_ringzahl_pfeil3, passe_ringzahl_pfeil4, passe_ringzahl_pfeil5, passe_ringzahl_pfeil6, created_at_utc, created_by, last_modified_at_utc, last_modified_by, version, passe_id, passe_match_id) VALUES (104, 30, 1, 4, 249, 8, 7, null, null, null, null, '2024-03-23 10:48:56.692210', 0, null, null, 1, 1050, 1003);
INSERT INTO public.passe (passe_mannschaft_id, passe_wettkampf_id, passe_match_nr, passe_lfdnr, passe_dsb_mitglied_id, passe_ringzahl_pfeil1, passe_ringzahl_pfeil2, passe_ringzahl_pfeil3, passe_ringzahl_pfeil4, passe_ringzahl_pfeil5, passe_ringzahl_pfeil6, created_at_utc, created_by, last_modified_at_utc, last_modified_by, version, passe_id, passe_match_id) VALUES (104, 30, 1, 5, 193, 10, 7, null, null, null, null, '2024-03-23 10:48:56.692210', 0, null, null, 1, 1051, 1003);
INSERT INTO public.passe (passe_mannschaft_id, passe_wettkampf_id, passe_match_nr, passe_lfdnr, passe_dsb_mitglied_id, passe_ringzahl_pfeil1, passe_ringzahl_pfeil2, passe_ringzahl_pfeil3, passe_ringzahl_pfeil4, passe_ringzahl_pfeil5, passe_ringzahl_pfeil6, created_at_utc, created_by, last_modified_at_utc, last_modified_by, version, passe_id, passe_match_id) VALUES (104, 30, 1, 5, 189, 10, 6, null, null, null, null, '2024-03-23 10:48:56.692210', 0, null, null, 1, 1052, 1003);
INSERT INTO public.passe (passe_mannschaft_id, passe_wettkampf_id, passe_match_nr, passe_lfdnr, passe_dsb_mitglied_id, passe_ringzahl_pfeil1, passe_ringzahl_pfeil2, passe_ringzahl_pfeil3, passe_ringzahl_pfeil4, passe_ringzahl_pfeil5, passe_ringzahl_pfeil6, created_at_utc, created_by, last_modified_at_utc, last_modified_by, version, passe_id, passe_match_id) VALUES (104, 30, 1, 5, 249, 8, 7, null, null, null, null, '2024-03-23 10:48:56.692210', 0, null, null, 1, 1053, 1003);
INSERT INTO public.passe (passe_mannschaft_id, passe_wettkampf_id, passe_match_nr, passe_lfdnr, passe_dsb_mitglied_id, passe_ringzahl_pfeil1, passe_ringzahl_pfeil2, passe_ringzahl_pfeil3, passe_ringzahl_pfeil4, passe_ringzahl_pfeil5, passe_ringzahl_pfeil6, created_at_utc, created_by, last_modified_at_utc, last_modified_by, version, passe_id, passe_match_id) VALUES (105, 30, 1, 1, 45, 10, 10, null, null, null, null, '2024-03-23 10:48:56.692210', 0, null, null, 1, 1054, 1004);
INSERT INTO public.passe (passe_mannschaft_id, passe_wettkampf_id, passe_match_nr, passe_lfdnr, passe_dsb_mitglied_id, passe_ringzahl_pfeil1, passe_ringzahl_pfeil2, passe_ringzahl_pfeil3, passe_ringzahl_pfeil4, passe_ringzahl_pfeil5, passe_ringzahl_pfeil6, created_at_utc, created_by, last_modified_at_utc, last_modified_by, version, passe_id, passe_match_id) VALUES (105, 30, 1, 1, 72, 10, 10, null, null, null, null, '2024-03-23 10:48:56.692210', 0, null, null, 1, 1055, 1004);
INSERT INTO public.passe (passe_mannschaft_id, passe_wettkampf_id, passe_match_nr, passe_lfdnr, passe_dsb_mitglied_id, passe_ringzahl_pfeil1, passe_ringzahl_pfeil2, passe_ringzahl_pfeil3, passe_ringzahl_pfeil4, passe_ringzahl_pfeil5, passe_ringzahl_pfeil6, created_at_utc, created_by, last_modified_at_utc, last_modified_by, version, passe_id, passe_match_id) VALUES (105, 30, 1, 1, 104, 10, 9, null, null, null, null, '2024-03-23 10:48:56.692210', 0, null, null, 1, 1056, 1004);
INSERT INTO public.passe (passe_mannschaft_id, passe_wettkampf_id, passe_match_nr, passe_lfdnr, passe_dsb_mitglied_id, passe_ringzahl_pfeil1, passe_ringzahl_pfeil2, passe_ringzahl_pfeil3, passe_ringzahl_pfeil4, passe_ringzahl_pfeil5, passe_ringzahl_pfeil6, created_at_utc, created_by, last_modified_at_utc, last_modified_by, version, passe_id, passe_match_id) VALUES (105, 30, 1, 2, 45, 7, 6, null, null, null, null, '2024-03-23 10:48:56.692210', 0, null, null, 1, 1057, 1004);
INSERT INTO public.passe (passe_mannschaft_id, passe_wettkampf_id, passe_match_nr, passe_lfdnr, passe_dsb_mitglied_id, passe_ringzahl_pfeil1, passe_ringzahl_pfeil2, passe_ringzahl_pfeil3, passe_ringzahl_pfeil4, passe_ringzahl_pfeil5, passe_ringzahl_pfeil6, created_at_utc, created_by, last_modified_at_utc, last_modified_by, version, passe_id, passe_match_id) VALUES (105, 30, 1, 2, 72, 10, 10, null, null, null, null, '2024-03-23 10:48:56.692210', 0, null, null, 1, 1058, 1004);
INSERT INTO public.passe (passe_mannschaft_id, passe_wettkampf_id, passe_match_nr, passe_lfdnr, passe_dsb_mitglied_id, passe_ringzahl_pfeil1, passe_ringzahl_pfeil2, passe_ringzahl_pfeil3, passe_ringzahl_pfeil4, passe_ringzahl_pfeil5, passe_ringzahl_pfeil6, created_at_utc, created_by, last_modified_at_utc, last_modified_by, version, passe_id, passe_match_id) VALUES (105, 30, 1, 2, 104, 9, 9, null, null, null, null, '2024-03-23 10:48:56.692210', 0, null, null, 1, 1059, 1004);
INSERT INTO public.passe (passe_mannschaft_id, passe_wettkampf_id, passe_match_nr, passe_lfdnr, passe_dsb_mitglied_id, passe_ringzahl_pfeil1, passe_ringzahl_pfeil2, passe_ringzahl_pfeil3, passe_ringzahl_pfeil4, passe_ringzahl_pfeil5, passe_ringzahl_pfeil6, created_at_utc, created_by, last_modified_at_utc, last_modified_by, version, passe_id, passe_match_id) VALUES (105, 30, 1, 3, 45, 10, 9, null, null, null, null, '2024-03-23 10:48:56.692210', 0, null, null, 1, 1060, 1004);
INSERT INTO public.passe (passe_mannschaft_id, passe_wettkampf_id, passe_match_nr, passe_lfdnr, passe_dsb_mitglied_id, passe_ringzahl_pfeil1, passe_ringzahl_pfeil2, passe_ringzahl_pfeil3, passe_ringzahl_pfeil4, passe_ringzahl_pfeil5, passe_ringzahl_pfeil6, created_at_utc, created_by, last_modified_at_utc, last_modified_by, version, passe_id, passe_match_id) VALUES (105, 30, 1, 3, 72, 9, 9, null, null, null, null, '2024-03-23 10:48:56.692210', 0, null, null, 1, 1061, 1004);
INSERT INTO public.passe (passe_mannschaft_id, passe_wettkampf_id, passe_match_nr, passe_lfdnr, passe_dsb_mitglied_id, passe_ringzahl_pfeil1, passe_ringzahl_pfeil2, passe_ringzahl_pfeil3, passe_ringzahl_pfeil4, passe_ringzahl_pfeil5, passe_ringzahl_pfeil6, created_at_utc, created_by, last_modified_at_utc, last_modified_by, version, passe_id, passe_match_id) VALUES (105, 30, 1, 3, 104, 10, 9, null, null, null, null, '2024-03-23 10:48:56.692210', 0, null, null, 1, 1062, 1004);
INSERT INTO public.passe (passe_mannschaft_id, passe_wettkampf_id, passe_match_nr, passe_lfdnr, passe_dsb_mitglied_id, passe_ringzahl_pfeil1, passe_ringzahl_pfeil2, passe_ringzahl_pfeil3, passe_ringzahl_pfeil4, passe_ringzahl_pfeil5, passe_ringzahl_pfeil6, created_at_utc, created_by, last_modified_at_utc, last_modified_by, version, passe_id, passe_match_id) VALUES (105, 30, 1, 4, 45, 10, 9, null, null, null, null, '2024-03-23 10:48:56.692210', 0, null, null, 1, 1063, 1004);
INSERT INTO public.passe (passe_mannschaft_id, passe_wettkampf_id, passe_match_nr, passe_lfdnr, passe_dsb_mitglied_id, passe_ringzahl_pfeil1, passe_ringzahl_pfeil2, passe_ringzahl_pfeil3, passe_ringzahl_pfeil4, passe_ringzahl_pfeil5, passe_ringzahl_pfeil6, created_at_utc, created_by, last_modified_at_utc, last_modified_by, version, passe_id, passe_match_id) VALUES (105, 30, 1, 4, 72, 10, 9, null, null, null, null, '2024-03-23 10:48:56.692210', 0, null, null, 1, 1064, 1004);
INSERT INTO public.passe (passe_mannschaft_id, passe_wettkampf_id, passe_match_nr, passe_lfdnr, passe_dsb_mitglied_id, passe_ringzahl_pfeil1, passe_ringzahl_pfeil2, passe_ringzahl_pfeil3, passe_ringzahl_pfeil4, passe_ringzahl_pfeil5, passe_ringzahl_pfeil6, created_at_utc, created_by, last_modified_at_utc, last_modified_by, version, passe_id, passe_match_id) VALUES (105, 30, 1, 4, 104, 9, 7, null, null, null, null, '2024-03-23 10:48:56.692210', 0, null, null, 1, 1065, 1004);
INSERT INTO public.passe (passe_mannschaft_id, passe_wettkampf_id, passe_match_nr, passe_lfdnr, passe_dsb_mitglied_id, passe_ringzahl_pfeil1, passe_ringzahl_pfeil2, passe_ringzahl_pfeil3, passe_ringzahl_pfeil4, passe_ringzahl_pfeil5, passe_ringzahl_pfeil6, created_at_utc, created_by, last_modified_at_utc, last_modified_by, version, passe_id, passe_match_id) VALUES (106, 30, 1, 1, 44, 10, 8, null, null, null, null, '2024-03-23 10:48:56.692210', 0, null, null, 1, 1066, 1005);
INSERT INTO public.passe (passe_mannschaft_id, passe_wettkampf_id, passe_match_nr, passe_lfdnr, passe_dsb_mitglied_id, passe_ringzahl_pfeil1, passe_ringzahl_pfeil2, passe_ringzahl_pfeil3, passe_ringzahl_pfeil4, passe_ringzahl_pfeil5, passe_ringzahl_pfeil6, created_at_utc, created_by, last_modified_at_utc, last_modified_by, version, passe_id, passe_match_id) VALUES (106, 30, 1, 1, 78, 10, 7, null, null, null, null, '2024-03-23 10:48:56.692210', 0, null, null, 1, 1067, 1005);
INSERT INTO public.passe (passe_mannschaft_id, passe_wettkampf_id, passe_match_nr, passe_lfdnr, passe_dsb_mitglied_id, passe_ringzahl_pfeil1, passe_ringzahl_pfeil2, passe_ringzahl_pfeil3, passe_ringzahl_pfeil4, passe_ringzahl_pfeil5, passe_ringzahl_pfeil6, created_at_utc, created_by, last_modified_at_utc, last_modified_by, version, passe_id, passe_match_id) VALUES (106, 30, 1, 1, 110, 10, 8, null, null, null, null, '2024-03-23 10:48:56.692210', 0, null, null, 1, 1068, 1005);
INSERT INTO public.passe (passe_mannschaft_id, passe_wettkampf_id, passe_match_nr, passe_lfdnr, passe_dsb_mitglied_id, passe_ringzahl_pfeil1, passe_ringzahl_pfeil2, passe_ringzahl_pfeil3, passe_ringzahl_pfeil4, passe_ringzahl_pfeil5, passe_ringzahl_pfeil6, created_at_utc, created_by, last_modified_at_utc, last_modified_by, version, passe_id, passe_match_id) VALUES (106, 30, 1, 2, 44, 10, 8, null, null, null, null, '2024-03-23 10:48:56.692210', 0, null, null, 1, 1069, 1005);
INSERT INTO public.passe (passe_mannschaft_id, passe_wettkampf_id, passe_match_nr, passe_lfdnr, passe_dsb_mitglied_id, passe_ringzahl_pfeil1, passe_ringzahl_pfeil2, passe_ringzahl_pfeil3, passe_ringzahl_pfeil4, passe_ringzahl_pfeil5, passe_ringzahl_pfeil6, created_at_utc, created_by, last_modified_at_utc, last_modified_by, version, passe_id, passe_match_id) VALUES (106, 30, 1, 2, 78, 10, 7, null, null, null, null, '2024-03-23 10:48:56.692210', 0, null, null, 1, 1070, 1005);
INSERT INTO public.passe (passe_mannschaft_id, passe_wettkampf_id, passe_match_nr, passe_lfdnr, passe_dsb_mitglied_id, passe_ringzahl_pfeil1, passe_ringzahl_pfeil2, passe_ringzahl_pfeil3, passe_ringzahl_pfeil4, passe_ringzahl_pfeil5, passe_ringzahl_pfeil6, created_at_utc, created_by, last_modified_at_utc, last_modified_by, version, passe_id, passe_match_id) VALUES (106, 30, 1, 2, 110, 9, 9, null, null, null, null, '2024-03-23 10:48:56.692210', 0, null, null, 1, 1071, 1005);
INSERT INTO public.passe (passe_mannschaft_id, passe_wettkampf_id, passe_match_nr, passe_lfdnr, passe_dsb_mitglied_id, passe_ringzahl_pfeil1, passe_ringzahl_pfeil2, passe_ringzahl_pfeil3, passe_ringzahl_pfeil4, passe_ringzahl_pfeil5, passe_ringzahl_pfeil6, created_at_utc, created_by, last_modified_at_utc, last_modified_by, version, passe_id, passe_match_id) VALUES (106, 30, 1, 3, 44, 10, 9, null, null, null, null, '2024-03-23 10:48:56.692210', 0, null, null, 1, 1072, 1005);
INSERT INTO public.passe (passe_mannschaft_id, passe_wettkampf_id, passe_match_nr, passe_lfdnr, passe_dsb_mitglied_id, passe_ringzahl_pfeil1, passe_ringzahl_pfeil2, passe_ringzahl_pfeil3, passe_ringzahl_pfeil4, passe_ringzahl_pfeil5, passe_ringzahl_pfeil6, created_at_utc, created_by, last_modified_at_utc, last_modified_by, version, passe_id, passe_match_id) VALUES (106, 30, 1, 3, 78, 9, 6, null, null, null, null, '2024-03-23 10:48:56.692210', 0, null, null, 1, 1073, 1005);
INSERT INTO public.passe (passe_mannschaft_id, passe_wettkampf_id, passe_match_nr, passe_lfdnr, passe_dsb_mitglied_id, passe_ringzahl_pfeil1, passe_ringzahl_pfeil2, passe_ringzahl_pfeil3, passe_ringzahl_pfeil4, passe_ringzahl_pfeil5, passe_ringzahl_pfeil6, created_at_utc, created_by, last_modified_at_utc, last_modified_by, version, passe_id, passe_match_id) VALUES (106, 30, 1, 3, 110, 10, 6, null, null, null, null, '2024-03-23 10:48:56.692210', 0, null, null, 1, 1074, 1005);
INSERT INTO public.passe (passe_mannschaft_id, passe_wettkampf_id, passe_match_nr, passe_lfdnr, passe_dsb_mitglied_id, passe_ringzahl_pfeil1, passe_ringzahl_pfeil2, passe_ringzahl_pfeil3, passe_ringzahl_pfeil4, passe_ringzahl_pfeil5, passe_ringzahl_pfeil6, created_at_utc, created_by, last_modified_at_utc, last_modified_by, version, passe_id, passe_match_id) VALUES (106, 30, 1, 4, 44, 10, 9, null, null, null, null, '2024-03-23 10:48:56.692210', 0, null, null, 1, 1075, 1005);
INSERT INTO public.passe (passe_mannschaft_id, passe_wettkampf_id, passe_match_nr, passe_lfdnr, passe_dsb_mitglied_id, passe_ringzahl_pfeil1, passe_ringzahl_pfeil2, passe_ringzahl_pfeil3, passe_ringzahl_pfeil4, passe_ringzahl_pfeil5, passe_ringzahl_pfeil6, created_at_utc, created_by, last_modified_at_utc, last_modified_by, version, passe_id, passe_match_id) VALUES (106, 30, 1, 4, 78, 10, 6, null, null, null, null, '2024-03-23 10:48:56.692210', 0, null, null, 1, 1076, 1005);
INSERT INTO public.passe (passe_mannschaft_id, passe_wettkampf_id, passe_match_nr, passe_lfdnr, passe_dsb_mitglied_id, passe_ringzahl_pfeil1, passe_ringzahl_pfeil2, passe_ringzahl_pfeil3, passe_ringzahl_pfeil4, passe_ringzahl_pfeil5, passe_ringzahl_pfeil6, created_at_utc, created_by, last_modified_at_utc, last_modified_by, version, passe_id, passe_match_id) VALUES (106, 30, 1, 4, 110, 9, 7, null, null, null, null, '2024-03-23 10:48:56.692210', 0, null, null, 1, 1077, 1005);
INSERT INTO public.passe (passe_mannschaft_id, passe_wettkampf_id, passe_match_nr, passe_lfdnr, passe_dsb_mitglied_id, passe_ringzahl_pfeil1, passe_ringzahl_pfeil2, passe_ringzahl_pfeil3, passe_ringzahl_pfeil4, passe_ringzahl_pfeil5, passe_ringzahl_pfeil6, created_at_utc, created_by, last_modified_at_utc, last_modified_by, version, passe_id, passe_match_id) VALUES (107, 30, 1, 1, 190, 10, 8, null, null, null, null, '2024-03-23 10:48:56.692210', 0, null, null, 1, 1078, 1006);
INSERT INTO public.passe (passe_mannschaft_id, passe_wettkampf_id, passe_match_nr, passe_lfdnr, passe_dsb_mitglied_id, passe_ringzahl_pfeil1, passe_ringzahl_pfeil2, passe_ringzahl_pfeil3, passe_ringzahl_pfeil4, passe_ringzahl_pfeil5, passe_ringzahl_pfeil6, created_at_utc, created_by, last_modified_at_utc, last_modified_by, version, passe_id, passe_match_id) VALUES (107, 30, 1, 1, 216, 10, 10, null, null, null, null, '2024-03-23 10:48:56.692210', 0, null, null, 1, 1079, 1006);
INSERT INTO public.passe (passe_mannschaft_id, passe_wettkampf_id, passe_match_nr, passe_lfdnr, passe_dsb_mitglied_id, passe_ringzahl_pfeil1, passe_ringzahl_pfeil2, passe_ringzahl_pfeil3, passe_ringzahl_pfeil4, passe_ringzahl_pfeil5, passe_ringzahl_pfeil6, created_at_utc, created_by, last_modified_at_utc, last_modified_by, version, passe_id, passe_match_id) VALUES (107, 30, 1, 1, 240, 10, 8, null, null, null, null, '2024-03-23 10:48:56.692210', 0, null, null, 1, 1080, 1006);
INSERT INTO public.passe (passe_mannschaft_id, passe_wettkampf_id, passe_match_nr, passe_lfdnr, passe_dsb_mitglied_id, passe_ringzahl_pfeil1, passe_ringzahl_pfeil2, passe_ringzahl_pfeil3, passe_ringzahl_pfeil4, passe_ringzahl_pfeil5, passe_ringzahl_pfeil6, created_at_utc, created_by, last_modified_at_utc, last_modified_by, version, passe_id, passe_match_id) VALUES (107, 30, 1, 2, 190, 8, 8, null, null, null, null, '2024-03-23 10:48:56.692210', 0, null, null, 1, 1081, 1006);
INSERT INTO public.passe (passe_mannschaft_id, passe_wettkampf_id, passe_match_nr, passe_lfdnr, passe_dsb_mitglied_id, passe_ringzahl_pfeil1, passe_ringzahl_pfeil2, passe_ringzahl_pfeil3, passe_ringzahl_pfeil4, passe_ringzahl_pfeil5, passe_ringzahl_pfeil6, created_at_utc, created_by, last_modified_at_utc, last_modified_by, version, passe_id, passe_match_id) VALUES (107, 30, 1, 2, 216, 8, 7, null, null, null, null, '2024-03-23 10:48:56.692210', 0, null, null, 1, 1082, 1006);
INSERT INTO public.passe (passe_mannschaft_id, passe_wettkampf_id, passe_match_nr, passe_lfdnr, passe_dsb_mitglied_id, passe_ringzahl_pfeil1, passe_ringzahl_pfeil2, passe_ringzahl_pfeil3, passe_ringzahl_pfeil4, passe_ringzahl_pfeil5, passe_ringzahl_pfeil6, created_at_utc, created_by, last_modified_at_utc, last_modified_by, version, passe_id, passe_match_id) VALUES (107, 30, 1, 2, 240, 6, 6, null, null, null, null, '2024-03-23 10:48:56.692210', 0, null, null, 1, 1083, 1006);
INSERT INTO public.passe (passe_mannschaft_id, passe_wettkampf_id, passe_match_nr, passe_lfdnr, passe_dsb_mitglied_id, passe_ringzahl_pfeil1, passe_ringzahl_pfeil2, passe_ringzahl_pfeil3, passe_ringzahl_pfeil4, passe_ringzahl_pfeil5, passe_ringzahl_pfeil6, created_at_utc, created_by, last_modified_at_utc, last_modified_by, version, passe_id, passe_match_id) VALUES (107, 30, 1, 3, 190, 10, 9, null, null, null, null, '2024-03-23 10:48:56.692210', 0, null, null, 1, 1084, 1006);
INSERT INTO public.passe (passe_mannschaft_id, passe_wettkampf_id, passe_match_nr, passe_lfdnr, passe_dsb_mitglied_id, passe_ringzahl_pfeil1, passe_ringzahl_pfeil2, passe_ringzahl_pfeil3, passe_ringzahl_pfeil4, passe_ringzahl_pfeil5, passe_ringzahl_pfeil6, created_at_utc, created_by, last_modified_at_utc, last_modified_by, version, passe_id, passe_match_id) VALUES (107, 30, 1, 3, 216, 9, 7, null, null, null, null, '2024-03-23 10:48:56.692210', 0, null, null, 1, 1085, 1006);
INSERT INTO public.passe (passe_mannschaft_id, passe_wettkampf_id, passe_match_nr, passe_lfdnr, passe_dsb_mitglied_id, passe_ringzahl_pfeil1, passe_ringzahl_pfeil2, passe_ringzahl_pfeil3, passe_ringzahl_pfeil4, passe_ringzahl_pfeil5, passe_ringzahl_pfeil6, created_at_utc, created_by, last_modified_at_utc, last_modified_by, version, passe_id, passe_match_id) VALUES (107, 30, 1, 3, 240, 10, 6, null, null, null, null, '2024-03-23 10:48:56.692210', 0, null, null, 1, 1086, 1006);
INSERT INTO public.passe (passe_mannschaft_id, passe_wettkampf_id, passe_match_nr, passe_lfdnr, passe_dsb_mitglied_id, passe_ringzahl_pfeil1, passe_ringzahl_pfeil2, passe_ringzahl_pfeil3, passe_ringzahl_pfeil4, passe_ringzahl_pfeil5, passe_ringzahl_pfeil6, created_at_utc, created_by, last_modified_at_utc, last_modified_by, version, passe_id, passe_match_id) VALUES (107, 30, 1, 4, 190, 10, 9, null, null, null, null, '2024-03-23 10:48:56.692210', 0, null, null, 1, 1087, 1006);
INSERT INTO public.passe (passe_mannschaft_id, passe_wettkampf_id, passe_match_nr, passe_lfdnr, passe_dsb_mitglied_id, passe_ringzahl_pfeil1, passe_ringzahl_pfeil2, passe_ringzahl_pfeil3, passe_ringzahl_pfeil4, passe_ringzahl_pfeil5, passe_ringzahl_pfeil6, created_at_utc, created_by, last_modified_at_utc, last_modified_by, version, passe_id, passe_match_id) VALUES (107, 30, 1, 4, 216, 10, 9, null, null, null, null, '2024-03-23 10:48:56.692210', 0, null, null, 1, 1088, 1006);
INSERT INTO public.passe (passe_mannschaft_id, passe_wettkampf_id, passe_match_nr, passe_lfdnr, passe_dsb_mitglied_id, passe_ringzahl_pfeil1, passe_ringzahl_pfeil2, passe_ringzahl_pfeil3, passe_ringzahl_pfeil4, passe_ringzahl_pfeil5, passe_ringzahl_pfeil6, created_at_utc, created_by, last_modified_at_utc, last_modified_by, version, passe_id, passe_match_id) VALUES (107, 30, 1, 4, 240, 10, 9, null, null, null, null, '2024-03-23 10:48:56.692210', 0, null, null, 1, 1089, 1006);
INSERT INTO public.passe (passe_mannschaft_id, passe_wettkampf_id, passe_match_nr, passe_lfdnr, passe_dsb_mitglied_id, passe_ringzahl_pfeil1, passe_ringzahl_pfeil2, passe_ringzahl_pfeil3, passe_ringzahl_pfeil4, passe_ringzahl_pfeil5, passe_ringzahl_pfeil6, created_at_utc, created_by, last_modified_at_utc, last_modified_by, version, passe_id, passe_match_id) VALUES (108, 30, 1, 1, 180, 10, 8, null, null, null, null, '2024-03-23 10:48:56.692210', 0, null, null, 1, 1090, 1007);
INSERT INTO public.passe (passe_mannschaft_id, passe_wettkampf_id, passe_match_nr, passe_lfdnr, passe_dsb_mitglied_id, passe_ringzahl_pfeil1, passe_ringzahl_pfeil2, passe_ringzahl_pfeil3, passe_ringzahl_pfeil4, passe_ringzahl_pfeil5, passe_ringzahl_pfeil6, created_at_utc, created_by, last_modified_at_utc, last_modified_by, version, passe_id, passe_match_id) VALUES (108, 30, 1, 1, 220, 10, 6, null, null, null, null, '2024-03-23 10:48:56.692210', 0, null, null, 1, 1091, 1007);
INSERT INTO public.passe (passe_mannschaft_id, passe_wettkampf_id, passe_match_nr, passe_lfdnr, passe_dsb_mitglied_id, passe_ringzahl_pfeil1, passe_ringzahl_pfeil2, passe_ringzahl_pfeil3, passe_ringzahl_pfeil4, passe_ringzahl_pfeil5, passe_ringzahl_pfeil6, created_at_utc, created_by, last_modified_at_utc, last_modified_by, version, passe_id, passe_match_id) VALUES (108, 30, 1, 1, 127, 10, 7, null, null, null, null, '2024-03-23 10:48:56.692210', 0, null, null, 1, 1092, 1007);
INSERT INTO public.passe (passe_mannschaft_id, passe_wettkampf_id, passe_match_nr, passe_lfdnr, passe_dsb_mitglied_id, passe_ringzahl_pfeil1, passe_ringzahl_pfeil2, passe_ringzahl_pfeil3, passe_ringzahl_pfeil4, passe_ringzahl_pfeil5, passe_ringzahl_pfeil6, created_at_utc, created_by, last_modified_at_utc, last_modified_by, version, passe_id, passe_match_id) VALUES (108, 30, 1, 2, 180, 10, 9, null, null, null, null, '2024-03-23 10:48:56.692210', 0, null, null, 1, 1093, 1007);
INSERT INTO public.passe (passe_mannschaft_id, passe_wettkampf_id, passe_match_nr, passe_lfdnr, passe_dsb_mitglied_id, passe_ringzahl_pfeil1, passe_ringzahl_pfeil2, passe_ringzahl_pfeil3, passe_ringzahl_pfeil4, passe_ringzahl_pfeil5, passe_ringzahl_pfeil6, created_at_utc, created_by, last_modified_at_utc, last_modified_by, version, passe_id, passe_match_id) VALUES (108, 30, 1, 2, 220, 7, 6, null, null, null, null, '2024-03-23 10:48:56.692210', 0, null, null, 1, 1094, 1007);
INSERT INTO public.passe (passe_mannschaft_id, passe_wettkampf_id, passe_match_nr, passe_lfdnr, passe_dsb_mitglied_id, passe_ringzahl_pfeil1, passe_ringzahl_pfeil2, passe_ringzahl_pfeil3, passe_ringzahl_pfeil4, passe_ringzahl_pfeil5, passe_ringzahl_pfeil6, created_at_utc, created_by, last_modified_at_utc, last_modified_by, version, passe_id, passe_match_id) VALUES (108, 30, 1, 2, 127, 6, 0, null, null, null, null, '2024-03-23 10:48:56.692210', 0, null, null, 1, 1095, 1007);
INSERT INTO public.passe (passe_mannschaft_id, passe_wettkampf_id, passe_match_nr, passe_lfdnr, passe_dsb_mitglied_id, passe_ringzahl_pfeil1, passe_ringzahl_pfeil2, passe_ringzahl_pfeil3, passe_ringzahl_pfeil4, passe_ringzahl_pfeil5, passe_ringzahl_pfeil6, created_at_utc, created_by, last_modified_at_utc, last_modified_by, version, passe_id, passe_match_id) VALUES (108, 30, 1, 3, 180, 10, 9, null, null, null, null, '2024-03-23 10:48:56.692210', 0, null, null, 1, 1096, 1007);
INSERT INTO public.passe (passe_mannschaft_id, passe_wettkampf_id, passe_match_nr, passe_lfdnr, passe_dsb_mitglied_id, passe_ringzahl_pfeil1, passe_ringzahl_pfeil2, passe_ringzahl_pfeil3, passe_ringzahl_pfeil4, passe_ringzahl_pfeil5, passe_ringzahl_pfeil6, created_at_utc, created_by, last_modified_at_utc, last_modified_by, version, passe_id, passe_match_id) VALUES (108, 30, 1, 3, 220, 9, 7, null, null, null, null, '2024-03-23 10:48:56.692210', 0, null, null, 1, 1097, 1007);
INSERT INTO public.passe (passe_mannschaft_id, passe_wettkampf_id, passe_match_nr, passe_lfdnr, passe_dsb_mitglied_id, passe_ringzahl_pfeil1, passe_ringzahl_pfeil2, passe_ringzahl_pfeil3, passe_ringzahl_pfeil4, passe_ringzahl_pfeil5, passe_ringzahl_pfeil6, created_at_utc, created_by, last_modified_at_utc, last_modified_by, version, passe_id, passe_match_id) VALUES (108, 30, 1, 3, 127, 10, 6, null, null, null, null, '2024-03-23 10:48:56.692210', 0, null, null, 1, 1098, 1007);
INSERT INTO public.passe (passe_mannschaft_id, passe_wettkampf_id, passe_match_nr, passe_lfdnr, passe_dsb_mitglied_id, passe_ringzahl_pfeil1, passe_ringzahl_pfeil2, passe_ringzahl_pfeil3, passe_ringzahl_pfeil4, passe_ringzahl_pfeil5, passe_ringzahl_pfeil6, created_at_utc, created_by, last_modified_at_utc, last_modified_by, version, passe_id, passe_match_id) VALUES (108, 30, 1, 4, 180, 10, 8, null, null, null, null, '2024-03-23 10:48:56.692210', 0, null, null, 1, 1099, 1007);
INSERT INTO public.passe (passe_mannschaft_id, passe_wettkampf_id, passe_match_nr, passe_lfdnr, passe_dsb_mitglied_id, passe_ringzahl_pfeil1, passe_ringzahl_pfeil2, passe_ringzahl_pfeil3, passe_ringzahl_pfeil4, passe_ringzahl_pfeil5, passe_ringzahl_pfeil6, created_at_utc, created_by, last_modified_at_utc, last_modified_by, version, passe_id, passe_match_id) VALUES (108, 30, 1, 4, 220, 10, 8, null, null, null, null, '2024-03-23 10:48:56.692210', 0, null, null, 1, 1100, 1007);
INSERT INTO public.passe (passe_mannschaft_id, passe_wettkampf_id, passe_match_nr, passe_lfdnr, passe_dsb_mitglied_id, passe_ringzahl_pfeil1, passe_ringzahl_pfeil2, passe_ringzahl_pfeil3, passe_ringzahl_pfeil4, passe_ringzahl_pfeil5, passe_ringzahl_pfeil6, created_at_utc, created_by, last_modified_at_utc, last_modified_by, version, passe_id, passe_match_id) VALUES (108, 30, 1, 4, 127, 10, 9, null, null, null, null, '2024-03-23 10:48:56.692210', 0, null, null, 1, 1101, 1007);

